scenario,quota,fixed,seed_count,throughput_mean,throughput_min,throughput_max,switches_per_transfer_mean,switches_per_transfer_min,switches_per_transfer_max,serviced_wait_max_mean,serviced_wait_max_min,serviced_wait_max_max,jain_mean,jain_min,jain_max,queue_latency_p99_mean,queue_latency_p99_min,queue_latency_p99_max,max_pending_age_mean,max_pending_age_min,max_pending_age_max,unserved_ports_mean,unserved_ports_min,unserved_ports_max
asymmetric,1,1,5,1.0,1.0,1.0,0.0,0.0,0.0,0,0,0,0.25,0.25,0.25,0,0,0,4084.4,4075,4093,3,3,3
asymmetric,1,0,5,1.0,1.0,1.0,0.21361607142857142,0.208984375,0.21763392857142858,2.6,2,3,0.31494906049316884,0.3135946713405456,0.31660970921034703,442.8,426,452,448.6,437,457,0,0,0
asymmetric,2,0,5,1.0,1.0,1.0,0.19681919642857143,0.19308035714285715,0.20284598214285715,4.2,4,5,0.31494906049316884,0.3135946713405456,0.31660970921034703,442.8,426,452,448.6,437,457,0,0,0
asymmetric,4,0,5,1.0,1.0,1.0,0.18197544642857144,0.17354910714285715,0.19252232142857142,5.6,5,6,0.31494906049316884,0.3135946713405456,0.31660970921034703,442.8,426,452,448.6,437,457,0,0,0
asymmetric,8,0,5,1.0,1.0,1.0,0.16032366071428572,0.15290178571428573,0.16573660714285715,10.2,9,11,0.31506241631723086,0.3135946713405456,0.31660970921034703,442.6,426,452,448.4,437,456,0,0,0
bursty,1,1,5,0.33035714285714285,0.33035714285714285,0.33035714285714285,0.1241554054054054,0.1241554054054054,0.1241554054054054,0,0,0,1.0,1.0,1.0,7,7,7,7,7,7,0,0,0
bursty,1,0,5,0.33035714285714285,0.33035714285714285,0.33035714285714285,0.1241554054054054,0.1241554054054054,0.1241554054054054,0,0,0,1.0,1.0,1.0,7,7,7,7,7,7,0,0,0
bursty,2,0,5,0.33035714285714285,0.33035714285714285,0.33035714285714285,0.1241554054054054,0.1241554054054054,0.1241554054054054,0,0,0,1.0,1.0,1.0,7,7,7,7,7,7,0,0,0
bursty,4,0,5,0.33035714285714285,0.33035714285714285,0.33035714285714285,0.1241554054054054,0.1241554054054054,0.1241554054054054,0,0,0,1.0,1.0,1.0,7,7,7,7,7,7,0,0,0
bursty,8,0,5,0.33035714285714285,0.33035714285714285,0.33035714285714285,0.1241554054054054,0.1241554054054054,0.1241554054054054,0,0,0,1.0,1.0,1.0,7,7,7,7,7,7,0,0,0
light,1,1,5,0.6021205357142857,0.5884486607142857,0.6157924107142857,0.7671034741353061,0.7515410146989094,0.7775260534662438,11.6,10,14,0.9990753952866985,0.997790289976557,0.9999112015531411,6.4,6,7,13,12,15,0,0,0
light,1,0,5,0.6021205357142857,0.5884486607142857,0.6157924107142857,0.8636287132876205,0.8421052631578947,0.8781150883552333,3,3,3,0.9990973768130392,0.997790289976557,0.9999165964518197,4.2,4,5,8.4,7,10,0,0,0
light,2,0,5,0.6021205357142857,0.5884486607142857,0.6157924107142857,0.7556035424601844,0.7401612138454243,0.7657453556864522,5.4,4,6,0.999087621794132,0.997790289976557,0.999918394764316,4.2,4,5,8.8,7,12,0,0,0
light,4,0,5,0.6021205357142857,0.5884486607142857,0.6157924107142857,0.7302325566479656,0.716927453769559,0.7385591300407793,8.2,7,10,0.9990758226262781,0.997790289976557,0.999918394764316,4.2,4,5,8.2,7,10,0,0,0
light,8,0,5,0.6021205357142857,0.5884486607142857,0.6157924107142857,0.7281951256169865,0.7159791370317686,0.7358405074762121,10,8,12,0.9990758226262781,0.997790289976557,0.999918394764316,4.2,4,5,10,8,12,0,0,0
phase_change,1,1,5,0.8795200892857142,0.8702566964285714,0.8858816964285714,0.16808472960261012,0.16212792906903103,0.17338837726262304,40.8,34,55,0.9535658843942357,0.947724351006513,0.9568162191828248,12.4,9,16,46.2,39,55,0,0,0
phase_change,1,0,5,0.8795200892857142,0.8702566964285714,0.8858816964285714,0.1760719960530746,0.16909436352121596,0.1803747221340108,2.6,2,3,0.9537934789076166,0.947724351006513,0.9576760084472556,4.2,3,5,8.2,6,10,0,0,0
phase_change,2,0,5,0.8795200892857142,0.8702566964285714,0.8858816964285714,0.16668008331423925,0.15991133628879037,0.1702127659574468,3.4,3,5,0.9537934789076166,0.947724351006513,0.9576760084472556,4.2,3,5,8.4,7,9,0,0,0
phase_change,4,0,5,0.8795200892857142,0.8702566964285714,0.8858816964285714,0.15887365844335105,0.15421152628245724,0.16094488188976377,6.8,5,8,0.9536215154726552,0.947724351006513,0.9570963664390584,4.2,3,5,8.4,8,9,0,0,0
phase_change,8,0,5,0.8795200892857142,0.8702566964285714,0.8858816964285714,0.14885098035172395,0.14534515516149463,0.15068932350112216,10.8,9,15,0.9536259126182368,0.947724351006513,0.9576760084472556,5.8,5,6,10.8,9,15,0,0,0
reset_stress,1,1,5,0.6415736607142857,0.6375558035714286,0.6498325892857143,0.0,0.0,0.0,0,0,0,0.25,0.25,0.25,94.4,93,98,254,254,254,3,3,3
reset_stress,1,0,5,0.6415736607142857,0.6375558035714286,0.6498325892857143,0.9934762640047718,0.9934354485776805,0.9935594675826535,3,3,3,0.999941294052854,0.9999144142984169,0.9999650973102167,211.2,211,212,217,216,218,0,0,0
reset_stress,2,0,5,0.6415736607142857,0.6375558035714286,0.6498325892857143,0.49474088567964253,0.49377415199656505,0.4952090592334495,6,6,6,0.9997986603158672,0.9997238801214927,0.9998903192649511,211,210,212,217.6,216,218,0,0,0
reset_stress,4,0,5,0.6415736607142857,0.6375558035714286,0.6498325892857143,0.24615426704691373,0.24516960068699012,0.24673629242819844,12,12,12,0.9992572735818587,0.9989701580402585,0.9996809788181731,211.4,211,212,218,218,218,0,0,0
reset_stress,8,0,5,0.6415736607142857,0.6375558035714286,0.6498325892857143,0.12168688210784151,0.12065264061829112,0.12228024369016537,24,24,24,0.9970203535595675,0.9960498450658708,0.9974093968858366,212.4,211,213,221.8,221,222,0,0,0
saturated,1,1,5,1.0,1.0,1.0,0.0,0.0,0.0,0,0,0,0.25,0.25,0.25,0,0,0,4093,4093,4093,3,3,3
saturated,1,0,5,1.0,1.0,1.0,0.9997209821428571,0.9997209821428571,0.9997209821428571,3,3,3,1.0,1.0,1.0,3043,3043,3043,3070,3070,3070,0,0,0
saturated,2,0,5,1.0,1.0,1.0,0.49972098214285715,0.49972098214285715,0.49972098214285715,6,6,6,1.0,1.0,1.0,3042,3042,3042,3071,3071,3071,0,0,0
saturated,4,0,5,1.0,1.0,1.0,0.25,0.25,0.25,12,12,12,1.0,1.0,1.0,3044,3044,3044,3072,3072,3072,0,0,0
saturated,8,0,5,1.0,1.0,1.0,0.125,0.125,0.125,24,24,24,1.0,1.0,1.0,3048,3048,3048,3072,3072,3072,0,0,0
sink_stalls,1,1,5,0.6478794642857143,0.6434151785714286,0.6568080357142857,0.0,0.0,0.0,0,0,0,0.25,0.25,0.25,1424.6,1402,1441,4093,4093,4093,3,3,3
sink_stalls,1,0,5,0.6478794642857143,0.6434151785714286,0.6568080357142857,0.9995693140522149,0.9995663486556808,0.9995751911639762,3,3,3,0.999999332316403,0.9999992477866121,0.9999994431083169,3390.6,3388,3394,3432,3425,3436,0,0,0
sink_stalls,2,0,5,0.6478794642857143,0.6434151785714286,0.6568080357142857,0.499827062818568,0.49956634865568084,0.5,6,6,6,0.9999990314317269,0.9999977433632312,0.9999994431083169,3390.6,3388,3393,3432.4,3425,3437,0,0,0
sink_stalls,4,0,5,0.6478794642857143,0.6434151785714286,0.6568080357142857,0.24995618030081634,0.24967658473479948,0.2502164502164502,12,12,12,0.9999978320628947,0.9999932535452619,0.9999994431083169,3391,3389,3393,3432.4,3425,3437,0,0,0
sink_stalls,8,0,5,0.6478794642857143,0.6434151785714286,0.6568080357142857,0.12506369306937062,0.12489158716392021,0.12531860662701785,24,24,24,0.9999784089912848,0.9999646305917952,0.9999977433632312,3391,3385,3394,3434,3429,3437,0,0,0
