n,width,quota,fixed,lut4,ff,carry,bram,total_cells
1,16,1,1,22,2,0,0,24
1,16,1,0,22,2,0,0,24
1,16,4,0,30,5,0,0,35
1,16,8,0,33,6,1,0,40
3,16,1,1,48,3,1,0,52
3,16,1,0,54,5,0,0,59
3,16,4,0,69,9,0,0,78
3,16,8,0,99,10,1,0,110
4,16,1,1,75,6,1,0,82
4,16,1,0,97,8,0,0,105
4,16,4,0,82,9,0,0,91
4,16,8,0,112,10,1,0,123
8,16,1,1,155,11,2,0,168
8,16,1,0,246,14,3,0,263
8,16,4,0,223,12,3,0,238
8,16,8,0,226,13,4,0,243
4,1,1,0,38,8,0,0,46
4,1,4,0,38,9,0,0,47
4,8,1,0,68,8,0,0,76
4,8,4,0,56,9,0,0,65
4,32,1,0,164,8,0,0,172
4,32,4,0,132,9,0,0,141
4,16,2,0,81,8,0,0,89
