scenario,seed,quota,fixed,port,completed,queue_latency_p99,queue_latency_max,head_wait_p99,head_wait_max,pending_at_end,oldest_pending_age
saturated,11,1,1,0,3584,0,0,0,0,0,
saturated,11,1,1,1,0,,,,,4094,4093
saturated,11,1,1,2,0,,,,,4094,4093
saturated,11,1,1,3,0,,,,,4094,4093
saturated,29,1,1,0,3584,0,0,0,0,0,
saturated,29,1,1,1,0,,,,,4094,4093
saturated,29,1,1,2,0,,,,,4094,4093
saturated,29,1,1,3,0,,,,,4094,4093
saturated,47,1,1,0,3584,0,0,0,0,0,
saturated,47,1,1,1,0,,,,,4094,4093
saturated,47,1,1,2,0,,,,,4094,4093
saturated,47,1,1,3,0,,,,,4094,4093
saturated,101,1,1,0,3584,0,0,0,0,0,
saturated,101,1,1,1,0,,,,,4094,4093
saturated,101,1,1,2,0,,,,,4094,4093
saturated,101,1,1,3,0,,,,,4094,4093
saturated,211,1,1,0,3584,0,0,0,0,0,
saturated,211,1,1,1,0,,,,,4094,4093
saturated,211,1,1,2,0,,,,,4094,4093
saturated,211,1,1,3,0,,,,,4094,4093
sink_stalls,11,1,1,0,2354,1402,1421,0,0,1421,1420
sink_stalls,11,1,1,1,0,,,,,4094,4093
sink_stalls,11,1,1,2,0,,,,,4094,4093
sink_stalls,11,1,1,3,0,,,,,4094,4093
sink_stalls,29,1,1,0,2319,1426,1450,0,0,1450,1449
sink_stalls,29,1,1,1,0,,,,,4094,4093
sink_stalls,29,1,1,2,0,,,,,4094,4093
sink_stalls,29,1,1,3,0,,,,,4094,4093
sink_stalls,47,1,1,0,2310,1437,1464,0,0,1465,1464
sink_stalls,47,1,1,1,0,,,,,4094,4093
sink_stalls,47,1,1,2,0,,,,,4094,4093
sink_stalls,47,1,1,3,0,,,,,4094,4093
sink_stalls,101,1,1,0,2306,1441,1463,0,0,1466,1465
sink_stalls,101,1,1,1,0,,,,,4094,4093
sink_stalls,101,1,1,2,0,,,,,4094,4093
sink_stalls,101,1,1,3,0,,,,,4094,4093
sink_stalls,211,1,1,0,2321,1417,1437,0,0,1439,1438
sink_stalls,211,1,1,1,0,,,,,4094,4093
sink_stalls,211,1,1,2,0,,,,,4094,4093
sink_stalls,211,1,1,3,0,,,,,4094,4093
asymmetric,11,1,1,0,3584,0,0,0,0,0,
asymmetric,11,1,1,1,0,,,,,153,4088
asymmetric,11,1,1,2,0,,,,,142,4044
asymmetric,11,1,1,3,0,,,,,142,4087
asymmetric,29,1,1,0,3584,0,0,0,0,0,
asymmetric,29,1,1,1,0,,,,,136,4075
asymmetric,29,1,1,2,0,,,,,163,4070
asymmetric,29,1,1,3,0,,,,,158,4072
asymmetric,47,1,1,0,3584,0,0,0,0,0,
asymmetric,47,1,1,1,0,,,,,154,4088
asymmetric,47,1,1,2,0,,,,,142,4014
asymmetric,47,1,1,3,0,,,,,160,4093
asymmetric,101,1,1,0,3584,0,0,0,0,0,
asymmetric,101,1,1,1,0,,,,,158,4075
asymmetric,101,1,1,2,0,,,,,151,4084
asymmetric,101,1,1,3,0,,,,,141,4083
asymmetric,211,1,1,0,3584,0,0,0,0,0,
asymmetric,211,1,1,1,0,,,,,148,4069
asymmetric,211,1,1,2,0,,,,,159,4082
asymmetric,211,1,1,3,0,,,,,136,4074
bursty,11,1,1,0,296,7,7,0,0,0,
bursty,11,1,1,1,296,7,7,0,0,0,
bursty,11,1,1,2,296,7,7,0,0,0,
bursty,11,1,1,3,296,7,7,0,0,0,
bursty,29,1,1,0,296,7,7,0,0,0,
bursty,29,1,1,1,296,7,7,0,0,0,
bursty,29,1,1,2,296,7,7,0,0,0,
bursty,29,1,1,3,296,7,7,0,0,0,
bursty,47,1,1,0,296,7,7,0,0,0,
bursty,47,1,1,1,296,7,7,0,0,0,
bursty,47,1,1,2,296,7,7,0,0,0,
bursty,47,1,1,3,296,7,7,0,0,0,
bursty,101,1,1,0,296,7,7,0,0,0,
bursty,101,1,1,1,296,7,7,0,0,0,
bursty,101,1,1,2,296,7,7,0,0,0,
bursty,101,1,1,3,296,7,7,0,0,0,
bursty,211,1,1,0,296,7,7,0,0,0,
bursty,211,1,1,1,296,7,7,0,0,0,
bursty,211,1,1,2,296,7,7,0,0,0,
bursty,211,1,1,3,296,7,7,0,0,0,
light,11,1,1,0,538,0,0,0,0,0,
light,11,1,1,1,516,2,4,2,4,0,
light,11,1,1,2,575,4,6,4,6,0,
light,11,1,1,3,578,8,12,7,12,0,
light,29,1,1,0,564,0,0,0,0,0,
light,29,1,1,1,553,2,4,2,4,0,
light,29,1,1,2,529,5,7,4,5,0,
light,29,1,1,3,531,11,12,8,12,2,4
light,47,1,1,0,524,0,0,0,0,0,
light,47,1,1,1,537,2,3,2,3,0,
light,47,1,1,2,512,4,5,3,5,0,
light,47,1,1,3,554,11,15,7,10,0,
light,101,1,1,0,520,0,0,0,0,0,
light,101,1,1,1,544,2,3,2,2,0,
light,101,1,1,2,561,4,6,4,6,0,
light,101,1,1,3,545,9,12,8,10,0,
light,211,1,1,0,524,0,0,0,0,0,
light,211,1,1,1,535,2,4,2,4,0,
light,211,1,1,2,528,5,7,4,7,0,
light,211,1,1,3,522,8,14,6,14,0,
phase_change,11,1,1,0,469,0,0,0,0,0,
phase_change,11,1,1,1,900,3,10,1,10,0,
phase_change,11,1,1,2,911,7,16,4,16,0,
phase_change,11,1,1,3,878,18,55,17,55,0,
phase_change,29,1,1,0,484,0,0,0,0,0,
phase_change,29,1,1,1,917,3,12,3,12,0,
phase_change,29,1,1,2,882,13,23,10,23,0,
phase_change,29,1,1,3,866,34,50,22,42,2,1
phase_change,47,1,1,0,501,0,0,0,0,0,
phase_change,47,1,1,1,885,2,9,2,9,0,
phase_change,47,1,1,2,904,7,22,6,22,0,
phase_change,47,1,1,3,885,26,43,19,34,1,0
phase_change,101,1,1,0,491,0,0,0,0,0,
phase_change,101,1,1,1,891,2,22,1,19,0,
phase_change,101,1,1,2,897,13,36,10,21,0,
phase_change,101,1,1,3,881,26,39,22,36,0,
phase_change,211,1,1,0,493,0,0,0,0,0,
phase_change,211,1,1,1,880,2,16,1,16,0,
phase_change,211,1,1,2,880,9,22,8,22,0,
phase_change,211,1,1,3,866,23,44,16,37,0,
reset_stress,11,1,1,0,2329,93,104,0,0,93,92
reset_stress,11,1,1,1,0,,,,,239,238
reset_stress,11,1,1,2,0,,,,,239,238
reset_stress,11,1,1,3,0,,,,,239,238
reset_stress,29,1,1,0,2296,95,101,0,0,90,89
reset_stress,29,1,1,1,0,,,,,239,238
reset_stress,29,1,1,2,0,,,,,239,238
reset_stress,29,1,1,3,0,,,,,239,238
reset_stress,47,1,1,0,2289,93,110,0,0,98,97
reset_stress,47,1,1,1,0,,,,,239,238
reset_stress,47,1,1,2,0,,,,,239,238
reset_stress,47,1,1,3,0,,,,,239,238
reset_stress,101,1,1,0,2285,93,105,0,0,92,91
reset_stress,101,1,1,1,0,,,,,239,238
reset_stress,101,1,1,2,0,,,,,239,238
reset_stress,101,1,1,3,0,,,,,239,238
reset_stress,211,1,1,0,2298,98,105,0,0,86,85
reset_stress,211,1,1,1,0,,,,,239,238
reset_stress,211,1,1,2,0,,,,,239,238
reset_stress,211,1,1,3,0,,,,,239,238
saturated,11,1,0,0,896,3042,3069,3,3,3070,3069
saturated,11,1,0,1,896,3043,3070,3,3,3070,3069
saturated,11,1,0,2,896,3041,3068,3,3,3071,3070
saturated,11,1,0,3,896,3042,3069,3,3,3071,3070
saturated,29,1,0,0,896,3042,3069,3,3,3070,3069
saturated,29,1,0,1,896,3043,3070,3,3,3070,3069
saturated,29,1,0,2,896,3041,3068,3,3,3071,3070
saturated,29,1,0,3,896,3042,3069,3,3,3071,3070
saturated,47,1,0,0,896,3042,3069,3,3,3070,3069
saturated,47,1,0,1,896,3043,3070,3,3,3070,3069
saturated,47,1,0,2,896,3041,3068,3,3,3071,3070
saturated,47,1,0,3,896,3042,3069,3,3,3071,3070
saturated,101,1,0,0,896,3042,3069,3,3,3070,3069
saturated,101,1,0,1,896,3043,3070,3,3,3070,3069
saturated,101,1,0,2,896,3041,3068,3,3,3071,3070
saturated,101,1,0,3,896,3042,3069,3,3,3071,3070
saturated,211,1,0,0,896,3042,3069,3,3,3070,3069
saturated,211,1,0,1,896,3043,3070,3,3,3070,3069
saturated,211,1,0,2,896,3041,3068,3,3,3071,3070
saturated,211,1,0,3,896,3042,3069,3,3,3071,3070
sink_stalls,11,1,0,0,589,3388,3425,3,3,3425,3424
sink_stalls,11,1,0,1,588,3380,3423,3,3,3426,3425
sink_stalls,11,1,0,2,588,3387,3424,3,3,3426,3425
sink_stalls,11,1,0,3,589,3388,3425,3,3,3426,3425
sink_stalls,29,1,0,0,579,3387,3430,3,3,3433,3432
sink_stalls,29,1,0,1,580,3389,3431,3,3,3433,3432
sink_stalls,29,1,0,2,580,3390,3432,3,3,3433,3432
sink_stalls,29,1,0,3,580,3391,3433,3,3,3433,3432
sink_stalls,47,1,0,0,578,3390,3435,3,3,3436,3435
sink_stalls,47,1,0,1,577,3388,3414,3,3,3437,3436
sink_stalls,47,1,0,2,577,3389,3432,3,3,3437,3436
sink_stalls,47,1,0,3,578,3390,3435,3,3,3437,3436
sink_stalls,101,1,0,0,576,3391,3431,3,3,3437,3436
sink_stalls,101,1,0,1,576,3392,3432,3,3,3437,3436
sink_stalls,101,1,0,2,577,3393,3433,3,3,3437,3436
sink_stalls,101,1,0,3,577,3394,3434,3,3,3437,3436
sink_stalls,211,1,0,0,580,3387,3424,3,3,3430,3429
sink_stalls,211,1,0,1,580,3389,3427,3,3,3430,3429
sink_stalls,211,1,0,2,581,3390,3428,3,3,3430,3429
sink_stalls,211,1,0,3,580,3387,3424,3,3,3431,3430
asymmetric,11,1,0,0,3192,426,437,1,3,437,436
asymmetric,11,1,0,1,138,1,2,1,2,0,
asymmetric,11,1,0,2,129,2,2,1,2,0,
asymmetric,11,1,0,3,125,1,1,1,1,0,
asymmetric,29,1,0,0,3184,451,457,2,3,457,456
asymmetric,29,1,0,1,120,2,4,2,2,0,
asymmetric,29,1,0,2,143,1,2,1,2,0,
asymmetric,29,1,0,3,137,2,3,2,2,0,
asymmetric,47,1,0,0,3176,452,456,2,2,456,455
asymmetric,47,1,0,1,139,2,4,1,2,0,
asymmetric,47,1,0,2,125,2,3,2,2,0,
asymmetric,47,1,0,3,144,1,2,1,2,0,
asymmetric,101,1,0,0,3182,443,450,1,2,450,449
asymmetric,101,1,0,1,137,2,4,2,2,0,
asymmetric,101,1,0,2,135,1,3,1,2,0,
asymmetric,101,1,0,3,130,1,2,1,2,0,
asymmetric,211,1,0,0,3190,442,443,1,3,443,442
asymmetric,211,1,0,1,129,2,2,2,2,0,
asymmetric,211,1,0,2,140,2,2,1,1,0,
asymmetric,211,1,0,3,125,1,2,1,2,0,
bursty,11,1,0,0,296,7,7,0,0,0,
bursty,11,1,0,1,296,7,7,0,0,0,
bursty,11,1,0,2,296,7,7,0,0,0,
bursty,11,1,0,3,296,7,7,0,0,0,
bursty,29,1,0,0,296,7,7,0,0,0,
bursty,29,1,0,1,296,7,7,0,0,0,
bursty,29,1,0,2,296,7,7,0,0,0,
bursty,29,1,0,3,296,7,7,0,0,0,
bursty,47,1,0,0,296,7,7,0,0,0,
bursty,47,1,0,1,296,7,7,0,0,0,
bursty,47,1,0,2,296,7,7,0,0,0,
bursty,47,1,0,3,296,7,7,0,0,0,
bursty,101,1,0,0,296,7,7,0,0,0,
bursty,101,1,0,1,296,7,7,0,0,0,
bursty,101,1,0,2,296,7,7,0,0,0,
bursty,101,1,0,3,296,7,7,0,0,0,
bursty,211,1,0,0,296,7,7,0,0,0,
bursty,211,1,0,1,296,7,7,0,0,0,
bursty,211,1,0,2,296,7,7,0,0,0,
bursty,211,1,0,3,296,7,7,0,0,0,
light,11,1,0,0,538,4,4,3,3,0,
light,11,1,0,1,516,4,6,3,3,0,
light,11,1,0,2,575,5,7,3,3,0,
light,11,1,0,3,578,4,5,3,3,0,
light,29,1,0,0,562,4,6,3,3,2,2
light,29,1,0,1,553,5,8,3,3,0,
light,29,1,0,2,529,4,7,3,3,0,
light,29,1,0,3,533,6,8,3,3,0,
light,47,1,0,0,524,4,8,2,3,0,
light,47,1,0,1,537,4,5,3,3,0,
light,47,1,0,2,512,4,5,3,3,0,
light,47,1,0,3,554,5,10,3,3,0,
light,101,1,0,0,520,4,5,3,3,0,
light,101,1,0,1,544,3,5,3,3,0,
light,101,1,0,2,561,4,6,3,3,0,
light,101,1,0,3,545,4,7,3,3,0,
light,211,1,0,0,525,3,5,2,3,0,
light,211,1,0,1,535,5,10,3,3,0,
light,211,1,0,2,527,3,5,3,3,0,
light,211,1,0,3,522,5,8,3,3,0,
phase_change,11,1,0,0,469,5,6,1,2,0,
phase_change,11,1,0,1,900,3,7,1,3,0,
phase_change,11,1,0,2,911,3,4,1,2,0,
phase_change,11,1,0,3,878,2,3,1,2,0,
phase_change,29,1,0,0,484,3,4,1,2,0,
phase_change,29,1,0,1,917,6,9,1,3,0,
phase_change,29,1,0,2,882,4,5,1,2,0,
phase_change,29,1,0,3,866,3,4,1,2,2,1
phase_change,47,1,0,0,502,4,6,1,2,0,
phase_change,47,1,0,1,884,3,3,1,2,0,
phase_change,47,1,0,2,904,5,8,1,2,0,
phase_change,47,1,0,3,885,3,9,1,2,1,0
phase_change,101,1,0,0,491,3,3,1,2,0,
phase_change,101,1,0,1,891,5,10,1,3,0,
phase_change,101,1,0,2,897,5,5,1,3,0,
phase_change,101,1,0,3,881,5,5,1,3,0,
phase_change,211,1,0,0,496,4,6,1,2,0,
phase_change,211,1,0,1,879,5,6,1,2,0,
phase_change,211,1,0,2,879,3,4,1,2,0,
phase_change,211,1,0,3,865,3,3,1,2,0,
reset_stress,11,1,0,0,586,209,214,3,3,202,201
reset_stress,11,1,0,1,586,211,215,3,3,202,201
reset_stress,11,1,0,2,579,211,217,3,3,203,202
reset_stress,11,1,0,3,578,212,215,3,3,203,202
reset_stress,29,1,0,0,579,209,214,3,3,201,200
reset_stress,29,1,0,1,575,210,216,3,3,202,201
reset_stress,29,1,0,2,572,211,215,3,3,202,201
reset_stress,29,1,0,3,570,211,216,3,3,202,201
reset_stress,47,1,0,0,578,210,218,3,3,203,202
reset_stress,47,1,0,1,574,211,216,3,3,204,203
reset_stress,47,1,0,2,570,212,213,3,3,204,203
reset_stress,47,1,0,3,567,211,214,3,3,204,203
reset_stress,101,1,0,0,578,211,216,3,3,202,201
reset_stress,101,1,0,1,574,211,217,3,3,202,201
reset_stress,101,1,0,2,568,211,215,3,3,202,201
reset_stress,101,1,0,3,565,212,214,3,3,203,202
reset_stress,211,1,0,0,582,212,216,3,3,200,199
reset_stress,211,1,0,1,577,212,217,3,3,201,200
reset_stress,211,1,0,2,570,211,215,3,3,201,200
reset_stress,211,1,0,3,569,212,216,3,3,201,200
saturated,11,4,0,0,896,3036,3060,12,12,3070,3069
saturated,11,4,0,1,896,3040,3064,12,12,3070,3069
saturated,11,4,0,2,896,3044,3068,12,12,3070,3069
saturated,11,4,0,3,896,3048,3072,12,12,3072,3071
saturated,29,4,0,0,896,3036,3060,12,12,3070,3069
saturated,29,4,0,1,896,3040,3064,12,12,3070,3069
saturated,29,4,0,2,896,3044,3068,12,12,3070,3069
saturated,29,4,0,3,896,3048,3072,12,12,3072,3071
saturated,47,4,0,0,896,3036,3060,12,12,3070,3069
saturated,47,4,0,1,896,3040,3064,12,12,3070,3069
saturated,47,4,0,2,896,3044,3068,12,12,3070,3069
saturated,47,4,0,3,896,3048,3072,12,12,3072,3071
saturated,101,4,0,0,896,3036,3060,12,12,3070,3069
saturated,101,4,0,1,896,3040,3064,12,12,3070,3069
saturated,101,4,0,2,896,3044,3068,12,12,3070,3069
saturated,101,4,0,3,896,3048,3072,12,12,3072,3071
saturated,211,4,0,0,896,3036,3060,12,12,3070,3069
saturated,211,4,0,1,896,3040,3064,12,12,3070,3069
saturated,211,4,0,2,896,3044,3068,12,12,3070,3069
saturated,211,4,0,3,896,3048,3072,12,12,3072,3071
sink_stalls,11,4,0,0,589,3375,3425,12,12,3425,3424
sink_stalls,11,4,0,1,588,3380,3404,12,12,3426,3425
sink_stalls,11,4,0,2,588,3392,3421,12,12,3426,3425
sink_stalls,11,4,0,3,589,3398,3425,12,12,3426,3425
sink_stalls,29,4,0,0,580,3398,3430,12,12,3430,3429
sink_stalls,29,4,0,1,579,3385,3403,12,12,3434,3433
sink_stalls,29,4,0,2,580,3390,3411,12,12,3434,3433
sink_stalls,29,4,0,3,580,3396,3430,12,12,3434,3433
sink_stalls,47,4,0,0,580,3395,3432,12,12,3434,3433
sink_stalls,47,4,0,1,577,3383,3436,12,12,3437,3436
sink_stalls,47,4,0,2,576,3389,3404,12,12,3438,3437
sink_stalls,47,4,0,3,577,3395,3409,12,12,3438,3437
sink_stalls,101,4,0,0,578,3398,3431,12,12,3434,3433
sink_stalls,101,4,0,1,576,3387,3406,12,12,3438,3437
sink_stalls,101,4,0,2,576,3393,3414,12,12,3438,3437
sink_stalls,101,4,0,3,576,3398,3431,12,12,3438,3437
sink_stalls,211,4,0,0,580,3384,3399,12,12,3430,3429
sink_stalls,211,4,0,1,580,3389,3405,12,12,3430,3429
sink_stalls,211,4,0,2,580,3393,3423,12,12,3430,3429
sink_stalls,211,4,0,3,581,3397,3429,12,12,3431,3430
asymmetric,11,4,0,0,3192,426,437,2,4,437,436
asymmetric,11,4,0,1,138,5,6,5,6,0,
asymmetric,11,4,0,2,129,4,6,4,6,0,
asymmetric,11,4,0,3,125,4,5,4,5,0,
asymmetric,29,4,0,0,3184,451,457,2,6,457,456
asymmetric,29,4,0,1,120,4,4,4,4,0,
asymmetric,29,4,0,2,143,4,5,4,5,0,
asymmetric,29,4,0,3,137,4,5,4,5,0,
asymmetric,47,4,0,0,3176,452,456,2,5,456,455
asymmetric,47,4,0,1,139,5,5,5,5,0,
asymmetric,47,4,0,2,125,4,4,4,4,0,
asymmetric,47,4,0,3,144,4,5,4,5,0,
asymmetric,101,4,0,0,3182,443,450,2,6,450,449
asymmetric,101,4,0,1,137,4,5,4,5,0,
asymmetric,101,4,0,2,135,4,5,4,5,0,
asymmetric,101,4,0,3,130,4,5,4,5,0,
asymmetric,211,4,0,0,3190,442,443,2,4,443,442
asymmetric,211,4,0,1,129,4,5,4,5,0,
asymmetric,211,4,0,2,140,4,5,4,5,0,
asymmetric,211,4,0,3,125,4,5,4,5,0,
bursty,11,4,0,0,296,7,7,0,0,0,
bursty,11,4,0,1,296,7,7,0,0,0,
bursty,11,4,0,2,296,7,7,0,0,0,
bursty,11,4,0,3,296,7,7,0,0,0,
bursty,29,4,0,0,296,7,7,0,0,0,
bursty,29,4,0,1,296,7,7,0,0,0,
bursty,29,4,0,2,296,7,7,0,0,0,
bursty,29,4,0,3,296,7,7,0,0,0,
bursty,47,4,0,0,296,7,7,0,0,0,
bursty,47,4,0,1,296,7,7,0,0,0,
bursty,47,4,0,2,296,7,7,0,0,0,
bursty,47,4,0,3,296,7,7,0,0,0,
bursty,101,4,0,0,296,7,7,0,0,0,
bursty,101,4,0,1,296,7,7,0,0,0,
bursty,101,4,0,2,296,7,7,0,0,0,
bursty,101,4,0,3,296,7,7,0,0,0,
bursty,211,4,0,0,296,7,7,0,0,0,
bursty,211,4,0,1,296,7,7,0,0,0,
bursty,211,4,0,2,296,7,7,0,0,0,
bursty,211,4,0,3,296,7,7,0,0,0,
light,11,4,0,0,538,4,6,4,6,0,
light,11,4,0,1,516,4,7,4,7,0,
light,11,4,0,2,575,5,6,4,6,0,
light,11,4,0,3,578,4,6,4,6,0,
light,29,4,0,0,564,4,5,4,5,0,
light,29,4,0,1,553,4,7,4,7,0,
light,29,4,0,2,528,5,6,4,6,1,1
light,29,4,0,3,532,5,9,5,9,1,0
light,47,4,0,0,524,3,7,3,7,0,
light,47,4,0,1,537,4,8,4,8,0,
light,47,4,0,2,512,5,8,5,8,0,
light,47,4,0,3,554,4,8,4,8,0,
light,101,4,0,0,520,4,6,4,6,0,
light,101,4,0,1,544,5,7,4,7,0,
light,101,4,0,2,561,4,7,4,7,0,
light,101,4,0,3,545,4,6,4,6,0,
light,211,4,0,0,526,4,6,4,6,0,
light,211,4,0,1,535,5,10,4,10,0,
light,211,4,0,2,526,4,6,4,6,0,
light,211,4,0,3,522,4,6,4,6,0,
phase_change,11,4,0,0,469,4,6,3,4,0,
phase_change,11,4,0,1,900,3,8,3,4,0,
phase_change,11,4,0,2,911,3,5,3,5,0,
phase_change,11,4,0,3,878,3,4,3,4,0,
phase_change,29,4,0,0,483,4,5,3,5,1,2
phase_change,29,4,0,1,917,6,9,3,5,0,
phase_change,29,4,0,2,882,4,5,3,5,0,
phase_change,29,4,0,3,867,3,5,3,5,1,0
phase_change,47,4,0,0,502,4,6,3,5,0,
phase_change,47,4,0,1,884,3,8,3,8,0,
phase_change,47,4,0,2,904,5,8,3,6,0,
phase_change,47,4,0,3,885,3,8,3,5,1,0
phase_change,101,4,0,0,491,4,5,4,5,0,
phase_change,101,4,0,1,891,5,9,3,8,0,
phase_change,101,4,0,2,897,5,7,3,7,0,
phase_change,101,4,0,3,881,5,5,3,5,0,
phase_change,211,4,0,0,494,4,6,3,5,0,
phase_change,211,4,0,1,880,4,6,3,4,0,
phase_change,211,4,0,2,880,4,8,3,8,0,
phase_change,211,4,0,3,865,3,4,3,4,0,
reset_stress,11,4,0,0,596,205,213,12,12,201,200
reset_stress,11,4,0,1,587,206,216,12,12,203,202
reset_stress,11,4,0,2,578,210,211,12,12,203,202
reset_stress,11,4,0,3,568,215,217,12,12,203,202
reset_stress,29,4,0,0,592,207,213,12,12,199,198
reset_stress,29,4,0,1,582,208,214,12,12,202,201
reset_stress,29,4,0,2,574,212,217,12,12,203,202
reset_stress,29,4,0,3,548,215,216,12,12,203,202
reset_stress,47,4,0,0,594,211,218,12,12,203,202
reset_stress,47,4,0,1,582,211,212,12,12,203,202
reset_stress,47,4,0,2,564,212,217,12,12,203,202
reset_stress,47,4,0,3,549,211,217,12,12,206,205
reset_stress,101,4,0,0,592,210,214,12,12,200,199
reset_stress,101,4,0,1,576,213,217,12,12,203,202
reset_stress,101,4,0,2,565,211,213,12,12,203,202
reset_stress,101,4,0,3,552,213,216,12,12,203,202
reset_stress,211,4,0,0,595,207,213,12,12,199,198
reset_stress,211,4,0,1,588,211,217,12,12,199,198
reset_stress,211,4,0,2,567,214,216,12,12,202,201
reset_stress,211,4,0,3,548,212,217,12,12,203,202
saturated,11,8,0,0,896,3024,3048,24,24,3070,3069
saturated,11,8,0,1,896,3032,3056,24,24,3070,3069
saturated,11,8,0,2,896,3040,3064,24,24,3070,3069
saturated,11,8,0,3,896,3048,3072,24,24,3072,3071
saturated,29,8,0,0,896,3024,3048,24,24,3070,3069
saturated,29,8,0,1,896,3032,3056,24,24,3070,3069
saturated,29,8,0,2,896,3040,3064,24,24,3070,3069
saturated,29,8,0,3,896,3048,3072,24,24,3072,3071
saturated,47,8,0,0,896,3024,3048,24,24,3070,3069
saturated,47,8,0,1,896,3032,3056,24,24,3070,3069
saturated,47,8,0,2,896,3040,3064,24,24,3070,3069
saturated,47,8,0,3,896,3048,3072,24,24,3072,3071
saturated,101,8,0,0,896,3024,3048,24,24,3070,3069
saturated,101,8,0,1,896,3032,3056,24,24,3070,3069
saturated,101,8,0,2,896,3040,3064,24,24,3070,3069
saturated,101,8,0,3,896,3048,3072,24,24,3072,3071
saturated,211,8,0,0,896,3024,3048,24,24,3070,3069
saturated,211,8,0,1,896,3032,3056,24,24,3070,3069
saturated,211,8,0,2,896,3040,3064,24,24,3070,3069
saturated,211,8,0,3,896,3048,3072,24,24,3072,3071
sink_stalls,11,8,0,0,592,3398,3400,24,24,3422,3421
sink_stalls,11,8,0,1,592,3421,3421,24,24,3422,3421
sink_stalls,11,8,0,2,585,3379,3429,24,24,3429,3428
sink_stalls,11,8,0,3,585,3396,3398,24,24,3430,3429
sink_stalls,29,8,0,0,579,3398,3399,24,24,3430,3429
sink_stalls,29,8,0,1,584,3410,3426,24,24,3430,3429
sink_stalls,29,8,0,2,580,3385,3434,24,24,3434,3433
sink_stalls,29,8,0,3,576,3394,3398,24,24,3438,3437
sink_stalls,47,8,0,0,581,3379,3432,24,24,3433,3432
sink_stalls,47,8,0,1,576,3389,3391,24,24,3438,3437
sink_stalls,47,8,0,2,576,3399,3399,24,24,3438,3437
sink_stalls,47,8,0,3,577,3407,3409,24,24,3438,3437
sink_stalls,101,8,0,0,578,3383,3431,24,24,3434,3433
sink_stalls,101,8,0,1,576,3393,3394,24,24,3438,3437
sink_stalls,101,8,0,2,576,3402,3406,24,24,3438,3437
sink_stalls,101,8,0,3,576,3416,3431,24,24,3438,3437
sink_stalls,211,8,0,0,576,3384,3385,24,24,3430,3429
sink_stalls,211,8,0,1,578,3393,3395,24,24,3430,3429
sink_stalls,211,8,0,2,584,3403,3405,24,24,3430,3429
sink_stalls,211,8,0,3,583,3413,3429,24,24,3431,3430
asymmetric,11,8,0,0,3192,426,437,2,5,437,436
asymmetric,11,8,0,1,138,9,10,9,10,0,
asymmetric,11,8,0,2,129,8,8,8,8,0,
asymmetric,11,8,0,3,125,9,11,9,11,0,
asymmetric,29,8,0,0,3183,451,456,3,5,456,455
asymmetric,29,8,0,1,121,8,9,8,9,0,
asymmetric,29,8,0,2,144,10,11,10,11,0,
asymmetric,29,8,0,3,136,9,10,9,10,1,3
asymmetric,47,8,0,0,3176,452,456,3,7,456,455
asymmetric,47,8,0,1,139,9,9,9,9,0,
asymmetric,47,8,0,2,125,8,9,8,9,0,
asymmetric,47,8,0,3,144,8,9,8,9,0,
asymmetric,101,8,0,0,3180,443,450,3,6,450,449
asymmetric,101,8,0,1,139,8,10,8,10,0,
asymmetric,101,8,0,2,135,9,9,9,9,0,
asymmetric,101,8,0,3,130,9,10,9,10,0,
asymmetric,211,8,0,0,3190,442,443,3,5,443,442
asymmetric,211,8,0,1,129,8,8,8,8,0,
asymmetric,211,8,0,2,140,9,10,9,10,0,
asymmetric,211,8,0,3,125,9,9,9,9,0,
bursty,11,8,0,0,296,7,7,0,0,0,
bursty,11,8,0,1,296,7,7,0,0,0,
bursty,11,8,0,2,296,7,7,0,0,0,
bursty,11,8,0,3,296,7,7,0,0,0,
bursty,29,8,0,0,296,7,7,0,0,0,
bursty,29,8,0,1,296,7,7,0,0,0,
bursty,29,8,0,2,296,7,7,0,0,0,
bursty,29,8,0,3,296,7,7,0,0,0,
bursty,47,8,0,0,296,7,7,0,0,0,
bursty,47,8,0,1,296,7,7,0,0,0,
bursty,47,8,0,2,296,7,7,0,0,0,
bursty,47,8,0,3,296,7,7,0,0,0,
bursty,101,8,0,0,296,7,7,0,0,0,
bursty,101,8,0,1,296,7,7,0,0,0,
bursty,101,8,0,2,296,7,7,0,0,0,
bursty,101,8,0,3,296,7,7,0,0,0,
bursty,211,8,0,0,296,7,7,0,0,0,
bursty,211,8,0,1,296,7,7,0,0,0,
bursty,211,8,0,2,296,7,7,0,0,0,
bursty,211,8,0,3,296,7,7,0,0,0,
light,11,8,0,0,538,5,8,4,8,0,
light,11,8,0,1,516,4,12,4,12,0,
light,11,8,0,2,575,5,6,4,6,0,
light,11,8,0,3,578,4,6,4,6,0,
light,29,8,0,0,564,4,10,4,10,0,
light,29,8,0,1,553,4,7,4,7,0,
light,29,8,0,2,528,5,8,4,8,1,1
light,29,8,0,3,532,5,9,5,9,1,0
light,47,8,0,0,524,3,4,3,4,0,
light,47,8,0,1,537,4,10,4,10,0,
light,47,8,0,2,512,5,11,5,11,0,
light,47,8,0,3,554,5,9,4,9,0,
light,101,8,0,0,520,4,6,4,6,0,
light,101,8,0,1,544,5,8,4,8,0,
light,101,8,0,2,561,4,7,4,7,0,
light,101,8,0,3,545,4,6,4,6,0,
light,211,8,0,0,526,4,9,4,9,0,
light,211,8,0,1,535,4,9,4,9,0,
light,211,8,0,2,526,4,8,4,8,0,
light,211,8,0,3,522,4,8,4,8,0,
phase_change,11,8,0,0,469,7,8,6,8,0,
phase_change,11,8,0,1,900,5,7,5,7,0,
phase_change,11,8,0,2,911,5,9,5,9,0,
phase_change,11,8,0,3,878,6,8,6,8,0,
phase_change,29,8,0,0,483,6,8,6,8,1,2
phase_change,29,8,0,1,917,6,8,5,8,0,
phase_change,29,8,0,2,882,6,9,6,9,0,
phase_change,29,8,0,3,867,6,9,6,9,1,0
phase_change,47,8,0,0,500,7,9,7,9,1,5
phase_change,47,8,0,1,885,6,15,6,15,0,
phase_change,47,8,0,2,904,6,12,6,9,0,
phase_change,47,8,0,3,886,5,8,5,8,0,
phase_change,101,8,0,0,491,7,9,7,9,0,
phase_change,101,8,0,1,891,6,12,5,12,0,
phase_change,101,8,0,2,897,5,11,5,11,0,
phase_change,101,8,0,3,881,6,10,6,10,0,
phase_change,211,8,0,0,496,7,8,6,8,0,
phase_change,211,8,0,1,879,5,8,4,8,0,
phase_change,211,8,0,2,879,5,9,5,9,0,
phase_change,211,8,0,3,865,5,8,5,8,0,
reset_stress,11,8,0,0,626,205,213,24,24,199,198
reset_stress,11,8,0,1,600,209,211,24,24,199,198
reset_stress,11,8,0,2,557,206,216,24,24,205,204
reset_stress,11,8,0,3,546,215,217,24,24,207,206
reset_stress,29,8,0,0,614,204,213,24,24,199,198
reset_stress,29,8,0,1,587,210,213,24,24,199,198
reset_stress,29,8,0,2,560,209,212,24,24,202,201
reset_stress,29,8,0,3,535,216,221,24,24,207,206
reset_stress,47,8,0,0,629,207,211,24,24,199,198
reset_stress,47,8,0,1,577,208,214,24,24,202,201
reset_stress,47,8,0,2,547,206,222,24,24,207,206
reset_stress,47,8,0,3,536,216,221,24,24,207,206
reset_stress,101,8,0,0,614,210,214,24,24,199,198
reset_stress,101,8,0,1,581,211,211,24,24,199,198
reset_stress,101,8,0,2,554,208,217,24,24,204,203
reset_stress,101,8,0,3,536,214,217,24,24,207,206
reset_stress,211,8,0,0,611,205,212,24,24,199,198
reset_stress,211,8,0,1,585,209,214,24,24,199,198
reset_stress,211,8,0,2,572,212,217,24,24,199,198
reset_stress,211,8,0,3,530,218,220,24,24,206,205
