n,width,quota,fixed,scenario,seed,cycles,warmup,evaluation_cycles,fires,opportunities,sink_stalls,throughput,switches,switches_per_transfer,jain,queue_latency_p50,queue_latency_p99,serviced_wait_max,serviced_wait_p99,max_pending_age,reset_canceled,unserved_ports,total_fires,total_stalls,service_counts,flow,vector_sha256
4,16,1,0,saturated,29,2048,256,1792,1792,1792,0,1.0,1791,0.9994419642857143,1.0,862,1521,3,3,1534,0,0,2046,0,"[448, 448, 448, 448]",rtl,b4bbaef9a8beb8a735cc97a8307c1ff5fc23de7cd1eb12cfd5dad2aa98f7c69c
4,16,1,0,saturated,29,4096,0,4096,4094,4094,0,0.99951171875,4093,0.9997557401074744,0.9999997613484766,1535,3039,3,3,3070,0,0,4094,0,"[1024, 1024, 1023, 1023]",rtl,82a3a9a388a3bbbb1a53ad6920b4b10046dde52e0b0bbeeacb224939ef552c90
4,16,1,0,saturated,29,4096,1024,3072,3072,3072,0,1.0,3071,0.9996744791666666,1.0,1918,3047,3,3,3070,0,0,4094,0,"[768, 768, 768, 768]",rtl,82a3a9a388a3bbbb1a53ad6920b4b10046dde52e0b0bbeeacb224939ef552c90
4,16,1,0,saturated,29,8192,1024,7168,7168,7168,0,1.0,7167,0.9998604910714286,1.0,3454,6088,3,3,6142,0,0,8190,0,"[1792, 1792, 1792, 1792]",rtl,6bf9aa60e8d4438ce323d2de7621ff2ca98abc3dc12d3b39c3e8d9c065aae705
4,16,1,0,sink_stalls,29,2048,256,1792,1158,1158,634,0.6462053571428571,1157,0.9991364421416234,0.9999970170801988,936,1693,3,3,1716,0,0,1318,728,"[290, 290, 289, 289]",rtl,f4e2124ac8600fed3be6e509d9d2b2d4e82cb892944479d410d8c2ccfbf8c169
4,16,1,0,sink_stalls,29,4096,0,4096,2644,2644,1450,0.6455078125,2643,0.9996217851739788,1.0,1721,3387,3,3,3433,0,0,2644,1450,"[661, 661, 661, 661]",rtl,6ad3a526dedac5784e3dc7677f337cd40ca64068685ccde2adaba3c3cc1c947b
4,16,1,0,sink_stalls,29,4096,1024,3072,1973,1973,1099,0.6422526041666666,1972,0.9994931576279777,0.9999992293330237,2159,3398,3,3,3433,0,0,2644,1450,"[493, 493, 493, 494]",rtl,6ad3a526dedac5784e3dc7677f337cd40ca64068685ccde2adaba3c3cc1c947b
4,16,1,0,sink_stalls,29,8192,1024,7168,4634,4634,2534,0.646484375,4633,0.9997842037116962,0.9999998137278825,3889,6793,3,3,6863,0,0,5305,2885,"[1159, 1158, 1158, 1159]",rtl,9dc60b962557eaa4c5472269fbb3f8f31a1d323f293878caf4454933ee468b10
4,16,1,0,light,29,2048,256,1792,1106,1106,0,0.6171875,966,0.8734177215189873,0.9965425098575944,0,4,3,3,8,0,0,1259,0,"[293, 291, 268, 254]",rtl,b24ecb439101244a1edeeff65527f7e2a923f0fdf87dabc06e22e59707c8378f
4,16,1,0,light,29,4096,0,4096,2485,2485,0,0.606689453125,2145,0.8631790744466801,0.999466053704736,0,5,3,3,8,0,0,2485,0,"[641, 625, 601, 618]",rtl,ca0f9fa57542528f99092e8026c6e9ced8b42d16d2a995ae92d40ff64c50b042
4,16,1,0,light,29,4096,1024,3072,1870,1870,0,0.6087239583333334,1606,0.8588235294117647,0.999365554768056,0,5,3,3,8,0,0,2485,0,"[476, 482, 458, 454]",rtl,ca0f9fa57542528f99092e8026c6e9ced8b42d16d2a995ae92d40ff64c50b042
4,16,1,0,light,29,8192,1024,7168,4362,4362,0,0.6085379464285714,3754,0.8606143970655663,0.9997820420286864,0,5,3,3,11,0,0,4977,0,"[1083, 1084, 1077, 1118]",rtl,29f3346485aaf83dd1368a3002a5f150138e4569a983183299b18a7f2983a768
4,16,4,0,saturated,29,2048,256,1792,1792,1792,0,1.0,448,0.25,1.0,864,1520,12,12,1536,0,0,2046,0,"[448, 448, 448, 448]",rtl,3d8b01637341b241296a3fd5ae4d46a356143288ea48763581379ec0b43c54c1
4,16,4,0,saturated,29,4096,0,4096,4094,4094,0,0.99951171875,1023,0.24987787005373718,0.9999992840457714,1536,3040,12,12,3072,0,0,4094,0,"[1024, 1024, 1024, 1022]",rtl,5826bb6fc4bf8056896a0fc09024004375dc4912884315493efc9832b5377bf8
4,16,4,0,saturated,29,4096,1024,3072,3072,3072,0,1.0,768,0.25,1.0,1920,3048,12,12,3072,0,0,4094,0,"[768, 768, 768, 768]",rtl,5826bb6fc4bf8056896a0fc09024004375dc4912884315493efc9832b5377bf8
4,16,4,0,saturated,29,8192,1024,7168,7168,7168,0,1.0,1792,0.25,1.0,3456,6088,12,12,6144,0,0,8190,0,"[1792, 1792, 1792, 1792]",rtl,0407bb8c3962b325c1d310c065d8547824cfd24b4120ddc14972f400c8d43b6f
4,16,4,0,sink_stalls,29,2048,256,1792,1158,1158,634,0.6462053571428571,289,0.24956822107081175,0.9999671888609165,934,1694,12,12,1717,0,0,1318,728,"[292, 290, 288, 288]",rtl,45674bd9b56f1137cef1b079ef79488702a75419689f00793a16f4d63e59edd5
4,16,4,0,sink_stalls,29,4096,0,4096,2644,2644,1450,0.6455078125,660,0.24962178517397882,0.9999931338173229,1722,3389,12,12,3433,0,0,2644,1450,"[664, 660, 660, 660]",rtl,03ac954d98d3f36da60015b92969bb7342da21a765e567738ee8414f95939ad4
4,16,4,0,sink_stalls,29,4096,1024,3072,1973,1973,1099,0.6422526041666666,493,0.24987328940699444,0.9999889538868446,2160,3398,12,12,3433,0,0,2644,1450,"[496, 492, 492, 493]",rtl,03ac954d98d3f36da60015b92969bb7342da21a765e567738ee8414f95939ad4
4,16,4,0,sink_stalls,29,8192,1024,7168,4634,4634,2534,0.646484375,1159,0.2501078981441519,0.9999983235534409,3888,6794,12,12,6865,0,0,5305,2885,"[1160, 1160, 1157, 1157]",rtl,7a0ccd71e210810e0ad8c7d08182a4d40581eb08941cda2ec869b5e3a9cfd5ef
4,16,4,0,light,29,2048,256,1792,1106,1106,0,0.6171875,819,0.740506329113924,0.9965425098575944,0,4,6,4,6,0,0,1259,0,"[293, 291, 268, 254]",rtl,e691eca8e0e032c210908d98d30731de8fe7ec19d199b5da840f4f9ddfdbe200
4,16,4,0,light,29,4096,0,4096,2485,2485,0,0.606689453125,1811,0.7287726358148894,0.9993806493293793,0,5,9,4,9,0,0,2485,0,"[643, 625, 600, 617]",rtl,a23532ec7b962b1ba4e2d9386e81391e9de1fe547911393759ae7d7d108c6380
4,16,4,0,light,29,4096,1024,3072,1870,1870,0,0.6087239583333334,1370,0.732620320855615,0.9992673163661635,0,5,9,4,9,0,0,2485,0,"[478, 482, 457, 453]",rtl,a23532ec7b962b1ba4e2d9386e81391e9de1fe547911393759ae7d7d108c6380
4,16,4,0,light,29,8192,1024,7168,4362,4362,0,0.6085379464285714,3181,0.7292526364053187,0.9997820420286864,0,5,10,5,10,0,0,4977,0,"[1083, 1084, 1077, 1118]",rtl,caee65e2b2e960a8e11cb3b4839514a114787c7d44ebfc121920e94e9206bf0d
