seed,policy,stage,width,test_samples,test_correct,test_accuracy,validation_loss,selected_epoch,dropped_weight_energy,weight_quantization_squared_error,numerical_nonzeros,retained_slots,unrestricted_mask_pair_conflicts
7,dense,immediate,0,360,342,0.95,0.21302274128900847,600,0.0,0.0,640,640,89
7,dense,immediate,4,360,346,0.9611111111111111,0.21302274128900847,600,0.0,2.94080215684585,399,640,89
7,dense,immediate,8,360,342,0.95,0.21302274128900847,600,0.0,0.010263023711815913,582,640,89
7,dense,recovered,0,360,343,0.9527777777777777,0.1935055442787134,300,0.0,0.0,640,640,89
7,dense,recovered,4,360,348,0.9666666666666667,0.1935055442787134,300,0.0,3.748048559910614,397,640,89
7,dense,recovered,8,360,343,0.9527777777777777,0.1935055442787134,300,0.0,0.013034125839266327,576,640,89
7,index,immediate,0,360,336,0.9333333333333333,0.24835096714351554,600,12.580812794710209,0.0,320,320,89
7,index,immediate,4,360,339,0.9416666666666667,0.24835096714351554,600,12.580812794710209,1.8865540791381994,306,320,89
7,index,immediate,8,360,337,0.9361111111111111,0.24835096714351554,600,12.580812794710209,0.005027269223511066,320,320,89
7,index,recovered,0,360,342,0.95,0.2017044037591355,300,12.580812794710209,0.0,320,320,89
7,index,recovered,4,360,346,0.9611111111111111,0.2017044037591355,300,12.580812794710209,2.6186489389275946,306,320,89
7,index,recovered,8,360,343,0.9527777777777777,0.2017044037591355,300,12.580812794710209,0.00738860458087463,319,320,89
7,pair,immediate,0,360,327,0.9083333333333333,0.3360938436360791,600,38.75404990511521,0.0,320,320,89
7,pair,immediate,4,360,332,0.9222222222222223,0.3360938436360791,600,38.75404990511521,1.90864727958086,272,320,89
7,pair,immediate,8,360,327,0.9083333333333333,0.3360938436360791,600,38.75404990511521,0.0053192094829070235,319,320,89
7,pair,recovered,0,360,336,0.9333333333333333,0.24111343885920264,300,38.75404990511521,0.0,320,320,89
7,pair,recovered,4,360,334,0.9277777777777778,0.24111343885920264,300,38.75404990511521,2.722407721685195,264,320,89
7,pair,recovered,8,360,337,0.9361111111111111,0.24111343885920264,300,38.75404990511521,0.007045914885969154,318,320,89
7,fixed,immediate,0,360,252,0.7,0.8404839463840545,600,106.75919934288038,0.0,320,320,89
7,fixed,immediate,4,360,247,0.6861111111111111,0.8404839463840545,600,106.75919934288038,1.020756639364771,219,320,89
7,fixed,immediate,8,360,251,0.6972222222222222,0.8404839463840545,600,106.75919934288038,0.003899544546754931,285,320,89
7,fixed,recovered,0,360,311,0.8638888888888889,0.4121221407659249,300,106.75919934288038,0.0,320,320,89
7,fixed,recovered,4,360,314,0.8722222222222222,0.4121221407659249,300,106.75919934288038,2.028298935426634,213,320,89
7,fixed,recovered,8,360,311,0.8638888888888889,0.4121221407659249,300,106.75919934288038,0.00790366323272099,274,320,89
31,dense,immediate,0,360,342,0.95,0.21286026002375721,600,0.0,0.0,640,640,88
31,dense,immediate,4,360,343,0.9527777777777777,0.21286026002375721,600,0.0,2.928700864920651,396,640,88
31,dense,immediate,8,360,342,0.95,0.21286026002375721,600,0.0,0.011236298427400133,586,640,88
31,dense,recovered,0,360,343,0.9527777777777777,0.19335924829989312,300,0.0,0.0,640,640,88
31,dense,recovered,4,360,345,0.9583333333333334,0.19335924829989312,300,0.0,3.7243939873769634,394,640,88
31,dense,recovered,8,360,343,0.9527777777777777,0.19335924829989312,300,0.0,0.013786579021401374,580,640,88
31,index,immediate,0,360,336,0.9333333333333333,0.24868405267250798,600,12.618483926236875,0.0,320,320,88
31,index,immediate,4,360,340,0.9444444444444444,0.24868405267250798,600,12.618483926236875,1.8875302274352368,304,320,88
31,index,immediate,8,360,336,0.9333333333333333,0.24868405267250798,600,12.618483926236875,0.0056658099602827265,320,320,88
31,index,recovered,0,360,342,0.95,0.20163942202245733,300,12.618483926236875,0.0,320,320,88
31,index,recovered,4,360,345,0.9583333333333334,0.20163942202245733,300,12.618483926236875,2.5675110808923653,304,320,88
31,index,recovered,8,360,341,0.9472222222222222,0.20163942202245733,300,12.618483926236875,0.006817457607888887,319,320,88
31,pair,immediate,0,360,327,0.9083333333333333,0.334175133351533,600,38.83111612507022,0.0,320,320,88
31,pair,immediate,4,360,325,0.9027777777777778,0.334175133351533,600,38.83111612507022,1.9151055837254902,268,320,88
31,pair,immediate,8,360,327,0.9083333333333333,0.334175133351533,600,38.83111612507022,0.005390372143406978,318,320,88
31,pair,recovered,0,360,336,0.9333333333333333,0.24086740731508263,300,38.83111612507022,0.0,320,320,88
31,pair,recovered,4,360,337,0.9361111111111111,0.24086740731508263,300,38.83111612507022,2.7752892899393773,262,320,88
31,pair,recovered,8,360,337,0.9361111111111111,0.24086740731508263,300,38.83111612507022,0.007792044123634604,317,320,88
31,fixed,immediate,0,360,251,0.6972222222222222,0.8457768413696246,600,106.62823298380167,0.0,320,320,88
31,fixed,immediate,4,360,252,0.7,0.8457768413696246,600,106.62823298380167,1.010257767773179,217,320,88
31,fixed,immediate,8,360,252,0.7,0.8457768413696246,600,106.62823298380167,0.004242896427780621,287,320,88
31,fixed,recovered,0,360,311,0.8638888888888889,0.4120092849409142,300,106.62823298380167,0.0,320,320,88
31,fixed,recovered,4,360,316,0.8777777777777778,0.4120092849409142,300,106.62823298380167,2.033353349160407,213,320,88
31,fixed,recovered,8,360,311,0.8638888888888889,0.4120092849409142,300,106.62823298380167,0.008446263930937451,276,320,88
97,dense,immediate,0,360,342,0.95,0.213081056451052,600,0.0,0.0,640,640,89
97,dense,immediate,4,360,343,0.9527777777777777,0.213081056451052,600,0.0,2.910024567583634,398,640,89
97,dense,immediate,8,360,343,0.9527777777777777,0.213081056451052,600,0.0,0.010911776706947342,581,640,89
97,dense,recovered,0,360,343,0.9527777777777777,0.1935425536154136,300,0.0,0.0,640,640,89
97,dense,recovered,4,360,347,0.9638888888888889,0.1935425536154136,300,0.0,3.7218047442368247,395,640,89
97,dense,recovered,8,360,343,0.9527777777777777,0.1935425536154136,300,0.0,0.013517769459598572,581,640,89
97,index,immediate,0,360,337,0.9361111111111111,0.24758268866235275,600,12.56739455627283,0.0,320,320,89
97,index,immediate,4,360,340,0.9444444444444444,0.24758268866235275,600,12.56739455627283,1.8619688849626115,304,320,89
97,index,immediate,8,360,338,0.9388888888888889,0.24758268866235275,600,12.56739455627283,0.005596462457207387,320,320,89
97,index,recovered,0,360,342,0.95,0.201605249969617,300,12.56739455627283,0.0,320,320,89
97,index,recovered,4,360,344,0.9555555555555556,0.201605249969617,300,12.56739455627283,2.6042215352744815,304,320,89
97,index,recovered,8,360,341,0.9472222222222222,0.201605249969617,300,12.56739455627283,0.0071924315572567095,318,320,89
97,pair,immediate,0,360,328,0.9111111111111111,0.3167007759262077,600,38.79496424889461,0.0,320,320,89
97,pair,immediate,4,360,331,0.9194444444444444,0.3167007759262077,600,38.79496424889461,1.8793917060201353,270,320,89
97,pair,immediate,8,360,328,0.9111111111111111,0.3167007759262077,600,38.79496424889461,0.005335662957950113,319,320,89
97,pair,recovered,0,360,336,0.9333333333333333,0.24029911937620366,300,38.79496424889461,0.0,320,320,89
97,pair,recovered,4,360,334,0.9277777777777778,0.24029911937620366,300,38.79496424889461,2.7678466059259983,262,320,89
97,pair,recovered,8,360,337,0.9361111111111111,0.24029911937620366,300,38.79496424889461,0.007871011046026694,315,320,89
97,fixed,immediate,0,360,251,0.6972222222222222,0.8448110367468442,600,106.7070083746766,0.0,320,320,89
97,fixed,immediate,4,360,255,0.7083333333333334,0.8448110367468442,600,106.7070083746766,0.9830070070501666,220,320,89
97,fixed,immediate,8,360,252,0.7,0.8448110367468442,600,106.7070083746766,0.003728720924877536,289,320,89
97,fixed,recovered,0,360,311,0.8638888888888889,0.41227566712903113,300,106.7070083746766,0.0,320,320,89
97,fixed,recovered,4,360,314,0.8722222222222222,0.41227566712903113,300,106.7070083746766,2.00514337109371,213,320,89
97,fixed,recovered,8,360,311,0.8638888888888889,0.41227566712903113,300,106.7070083746766,0.008055326570469718,280,320,89
