label,width,mode,netlist,seed,traffic,cycles,accepted,emitted,canceled,stalls,errors,simultaneous,negative,min,max,reset_busy,latency_p50,latency_p99,latency_max,vector_sha256,metadata_coverage,latency_histogram
exhaustive,2,dense,False,7,continuous,65540,65536,65536,0,0,0,65535,20928,65536,65536,0,1,1,1,ae2f5b6af9618b76b9768fd19fa32e61f2c7adf109d8c1ba077126fb984cea0f,"{""0"": 65536, ""1"": 0, ""2"": 0, ""3"": 0, ""4"": 0, ""5"": 0, ""6"": 0, ""7"": 0, ""8"": 0, ""9"": 0, ""10"": 0, ""11"": 0, ""12"": 0, ""13"": 0, ""14"": 0, ""15"": 0}","{""1"": 65536}"
exhaustive,2,index,False,7,continuous,65540,65536,65536,0,0,40960,65535,7680,65536,65536,0,1,1,1,30000099a2ed9381103475c4e10152d9dbda4d8a137cb71f78d09804875aac06,"{""0"": 4096, ""1"": 4096, ""2"": 4096, ""3"": 4096, ""4"": 4096, ""5"": 4096, ""6"": 4096, ""7"": 4096, ""8"": 4096, ""9"": 4096, ""10"": 4096, ""11"": 4096, ""12"": 4096, ""13"": 4096, ""14"": 4096, ""15"": 4096}","{""1"": 65536}"
exhaustive,2,code,False,7,continuous,32772,32768,32768,0,0,8192,32767,7680,32768,32768,0,1,1,1,0ac81af25a44027652ffac814e2430119b61420b2534fb00d04364e684ea289e,"{""0"": 4096, ""1"": 4096, ""2"": 4096, ""3"": 4096, ""4"": 4096, ""5"": 4096, ""6"": 4096, ""7"": 4096, ""8"": 0, ""9"": 0, ""10"": 0, ""11"": 0, ""12"": 0, ""13"": 0, ""14"": 0, ""15"": 0}","{""1"": 32768}"
exhaustive,2,pair,False,7,continuous,16388,16384,16384,0,0,0,16383,5120,16384,16384,0,1,1,1,c1a383f91cae1f1b10236f98939879ffc43ff90100bd95a404d1d6bdb3924837,"{""0"": 4096, ""1"": 4096, ""2"": 4096, ""3"": 4096, ""4"": 0, ""5"": 0, ""6"": 0, ""7"": 0, ""8"": 0, ""9"": 0, ""10"": 0, ""11"": 0, ""12"": 0, ""13"": 0, ""14"": 0, ""15"": 0}","{""1"": 16384}"
exhaustive,2,fixed,False,7,continuous,4100,4096,4096,0,0,0,4095,1280,4096,4096,0,1,1,1,6c5a7741110df6a9e48b0e464deaa733a7868165ba022ead908aef963bf9760b,"{""0"": 4096, ""1"": 0, ""2"": 0, ""3"": 0, ""4"": 0, ""5"": 0, ""6"": 0, ""7"": 0, ""8"": 0, ""9"": 0, ""10"": 0, ""11"": 0, ""12"": 0, ""13"": 0, ""14"": 0, ""15"": 0}","{""1"": 4096}"
random,2,dense,False,7,mixed,4188,1600,1598,2,2049,0,1323,577,1457,1896,2,1,20,22,54e442c89f6ccc1d5fbe62161c228b684631262e77511ef306f335d913cb7bdf,"{""0"": 100, ""1"": 100, ""2"": 100, ""3"": 100, ""4"": 100, ""5"": 100, ""6"": 100, ""7"": 100, ""8"": 100, ""9"": 100, ""10"": 100, ""11"": 100, ""12"": 100, ""13"": 100, ""14"": 100, ""15"": 100}","{""1"": 978, ""2"": 373, ""3"": 112, ""4"": 38, ""5"": 11, ""6"": 3, ""7"": 4, ""8"": 1, ""15"": 1, ""16"": 1, ""17"": 7, ""18"": 28, ""19"": 19, ""20"": 13, ""21"": 3, ""22"": 6}"
random,2,dense,False,31,mixed,4188,1600,1597,3,2050,0,1325,593,1477,1966,3,1,20,23,3cfbdfcdc5dc0c762aa2c411c7fc4802243323550bf893e446a2cedea803e24d,"{""0"": 100, ""1"": 100, ""2"": 100, ""3"": 100, ""4"": 100, ""5"": 100, ""6"": 100, ""7"": 100, ""8"": 100, ""9"": 100, ""10"": 100, ""11"": 100, ""12"": 100, ""13"": 100, ""14"": 100, ""15"": 100}","{""1"": 989, ""2"": 338, ""3"": 129, ""4"": 42, ""5"": 11, ""6"": 8, ""8"": 1, ""9"": 1, ""15"": 2, ""17"": 3, ""18"": 25, ""19"": 29, ""20"": 11, ""21"": 5, ""22"": 2, ""23"": 1}"
random,2,dense,False,97,mixed,4137,1600,1597,3,1994,0,1331,530,1475,1947,3,1,19,25,693b1f4f10aa1d8f111e67dc86fa1dedb2f8c9f0c0648ec4a3dc1573c10ba9b9,"{""0"": 100, ""1"": 100, ""2"": 100, ""3"": 100, ""4"": 100, ""5"": 100, ""6"": 100, ""7"": 100, ""8"": 100, ""9"": 100, ""10"": 100, ""11"": 100, ""12"": 100, ""13"": 100, ""14"": 100, ""15"": 100}","{""1"": 998, ""2"": 335, ""3"": 135, ""4"": 33, ""5"": 10, ""6"": 5, ""7"": 1, ""8"": 2, ""9"": 1, ""14"": 1, ""16"": 1, ""17"": 4, ""18"": 33, ""19"": 23, ""20"": 10, ""21"": 3, ""24"": 1, ""25"": 1}"
saturation,2,dense,False,123,continuous,2004,2000,2000,0,0,0,1999,697,1914,2356,0,1,1,1,09ebc6471cf4981f58266df3cf557a08aaab49675f1bcebc266815b66e6c43c3,"{""0"": 125, ""1"": 125, ""2"": 125, ""3"": 125, ""4"": 125, ""5"": 125, ""6"": 125, ""7"": 125, ""8"": 125, ""9"": 125, ""10"": 125, ""11"": 125, ""12"": 125, ""13"": 125, ""14"": 125, ""15"": 125}","{""1"": 2000}"
random,2,index,False,7,mixed,4188,1600,1598,2,2049,998,1323,215,1457,1896,2,1,20,22,3dafd909b7f0cfaa1bdd2293bbf278eb2d999e5a91099bf4d113a9dff2dde513,"{""0"": 100, ""1"": 100, ""2"": 100, ""3"": 100, ""4"": 100, ""5"": 100, ""6"": 100, ""7"": 100, ""8"": 100, ""9"": 100, ""10"": 100, ""11"": 100, ""12"": 100, ""13"": 100, ""14"": 100, ""15"": 100}","{""1"": 978, ""2"": 373, ""3"": 112, ""4"": 38, ""5"": 11, ""6"": 3, ""7"": 4, ""8"": 1, ""15"": 1, ""16"": 1, ""17"": 7, ""18"": 28, ""19"": 19, ""20"": 13, ""21"": 3, ""22"": 6}"
random,2,index,False,31,mixed,4188,1600,1597,3,2050,998,1325,212,1477,1966,3,1,20,23,16f23edcc8b2d4447a8a2fb4c71f4ea350db7cec8730c7d129c9817fd514d721,"{""0"": 100, ""1"": 100, ""2"": 100, ""3"": 100, ""4"": 100, ""5"": 100, ""6"": 100, ""7"": 100, ""8"": 100, ""9"": 100, ""10"": 100, ""11"": 100, ""12"": 100, ""13"": 100, ""14"": 100, ""15"": 100}","{""1"": 989, ""2"": 338, ""3"": 129, ""4"": 42, ""5"": 11, ""6"": 8, ""8"": 1, ""9"": 1, ""15"": 2, ""17"": 3, ""18"": 25, ""19"": 29, ""20"": 11, ""21"": 5, ""22"": 2, ""23"": 1}"
random,2,index,False,97,mixed,4137,1600,1597,3,1994,997,1331,201,1475,1947,3,1,19,25,a1652d844daab37d108090c9ab98d1bad041dcfa6e73ace1ab4ab62d18f58a8c,"{""0"": 100, ""1"": 100, ""2"": 100, ""3"": 100, ""4"": 100, ""5"": 100, ""6"": 100, ""7"": 100, ""8"": 100, ""9"": 100, ""10"": 100, ""11"": 100, ""12"": 100, ""13"": 100, ""14"": 100, ""15"": 100}","{""1"": 998, ""2"": 335, ""3"": 135, ""4"": 33, ""5"": 10, ""6"": 5, ""7"": 1, ""8"": 2, ""9"": 1, ""14"": 1, ""16"": 1, ""17"": 4, ""18"": 33, ""19"": 23, ""20"": 10, ""21"": 3, ""24"": 1, ""25"": 1}"
saturation,2,index,False,123,continuous,2004,2000,2000,0,0,1250,1999,249,1914,2356,0,1,1,1,1752991e8d4de2750e47d19c94a8da670b79d21c0d1174a241a4390a54ecfae6,"{""0"": 125, ""1"": 125, ""2"": 125, ""3"": 125, ""4"": 125, ""5"": 125, ""6"": 125, ""7"": 125, ""8"": 125, ""9"": 125, ""10"": 125, ""11"": 125, ""12"": 125, ""13"": 125, ""14"": 125, ""15"": 125}","{""1"": 2000}"
random,2,code,False,7,mixed,4188,1600,1598,2,2049,400,1323,422,1457,1896,2,1,20,22,195ea34894ab52271134f7b0e6a0de7ee112b6ebc4e07cc9dc70a1a525b76ed4,"{""0"": 100, ""1"": 100, ""2"": 100, ""3"": 100, ""4"": 100, ""5"": 100, ""6"": 100, ""7"": 100, ""8"": 100, ""9"": 100, ""10"": 100, ""11"": 100, ""12"": 100, ""13"": 100, ""14"": 100, ""15"": 100}","{""1"": 978, ""2"": 373, ""3"": 112, ""4"": 38, ""5"": 11, ""6"": 3, ""7"": 4, ""8"": 1, ""15"": 1, ""16"": 1, ""17"": 7, ""18"": 28, ""19"": 19, ""20"": 13, ""21"": 3, ""22"": 6}"
random,2,code,False,31,mixed,4188,1600,1597,3,2050,398,1325,428,1477,1966,3,1,20,23,6931969555fb70e74a7ca4d5b8873cf9a957d4bf904af1595d325e2552648c81,"{""0"": 100, ""1"": 100, ""2"": 100, ""3"": 100, ""4"": 100, ""5"": 100, ""6"": 100, ""7"": 100, ""8"": 100, ""9"": 100, ""10"": 100, ""11"": 100, ""12"": 100, ""13"": 100, ""14"": 100, ""15"": 100}","{""1"": 989, ""2"": 338, ""3"": 129, ""4"": 42, ""5"": 11, ""6"": 8, ""8"": 1, ""9"": 1, ""15"": 2, ""17"": 3, ""18"": 25, ""19"": 29, ""20"": 11, ""21"": 5, ""22"": 2, ""23"": 1}"
random,2,code,False,97,mixed,4137,1600,1597,3,1994,399,1331,416,1475,1947,3,1,19,25,f52fb2aa90a9413ae0ab764a20e0185898ab004087996715f025cfabe1b7b2e3,"{""0"": 100, ""1"": 100, ""2"": 100, ""3"": 100, ""4"": 100, ""5"": 100, ""6"": 100, ""7"": 100, ""8"": 100, ""9"": 100, ""10"": 100, ""11"": 100, ""12"": 100, ""13"": 100, ""14"": 100, ""15"": 100}","{""1"": 998, ""2"": 335, ""3"": 135, ""4"": 33, ""5"": 10, ""6"": 5, ""7"": 1, ""8"": 2, ""9"": 1, ""14"": 1, ""16"": 1, ""17"": 4, ""18"": 33, ""19"": 23, ""20"": 10, ""21"": 3, ""24"": 1, ""25"": 1}"
saturation,2,code,False,123,continuous,2004,2000,2000,0,0,500,1999,525,1914,2356,0,1,1,1,b4f2872f282dbe8e72dfcec2b3485d28eb1bb595fdbb48f7da8a49a5c2a14e37,"{""0"": 125, ""1"": 125, ""2"": 125, ""3"": 125, ""4"": 125, ""5"": 125, ""6"": 125, ""7"": 125, ""8"": 125, ""9"": 125, ""10"": 125, ""11"": 125, ""12"": 125, ""13"": 125, ""14"": 125, ""15"": 125}","{""1"": 2000}"
random,2,pair,False,7,mixed,4188,1600,1598,2,2049,0,1323,572,1457,1896,2,1,20,22,8d08dd7c3c1304b2ffd07cda174d69c36cbab70dbb939600d3524ee92a7ab413,"{""0"": 100, ""1"": 100, ""2"": 100, ""3"": 100, ""4"": 100, ""5"": 100, ""6"": 100, ""7"": 100, ""8"": 100, ""9"": 100, ""10"": 100, ""11"": 100, ""12"": 100, ""13"": 100, ""14"": 100, ""15"": 100}","{""1"": 978, ""2"": 373, ""3"": 112, ""4"": 38, ""5"": 11, ""6"": 3, ""7"": 4, ""8"": 1, ""15"": 1, ""16"": 1, ""17"": 7, ""18"": 28, ""19"": 19, ""20"": 13, ""21"": 3, ""22"": 6}"
random,2,pair,False,31,mixed,4188,1600,1597,3,2050,0,1325,554,1477,1966,3,1,20,23,df326162c50e1c700e62f6f5fc8b449d25398b6ef86f6f93547c49f8fd8e49d2,"{""0"": 100, ""1"": 100, ""2"": 100, ""3"": 100, ""4"": 100, ""5"": 100, ""6"": 100, ""7"": 100, ""8"": 100, ""9"": 100, ""10"": 100, ""11"": 100, ""12"": 100, ""13"": 100, ""14"": 100, ""15"": 100}","{""1"": 989, ""2"": 338, ""3"": 129, ""4"": 42, ""5"": 11, ""6"": 8, ""8"": 1, ""9"": 1, ""15"": 2, ""17"": 3, ""18"": 25, ""19"": 29, ""20"": 11, ""21"": 5, ""22"": 2, ""23"": 1}"
random,2,pair,False,97,mixed,4137,1600,1597,3,1994,0,1331,498,1475,1947,3,1,19,25,3a5cef863a5810f355703a4ff39285250288553966dc8eea798dc575e488f3c9,"{""0"": 100, ""1"": 100, ""2"": 100, ""3"": 100, ""4"": 100, ""5"": 100, ""6"": 100, ""7"": 100, ""8"": 100, ""9"": 100, ""10"": 100, ""11"": 100, ""12"": 100, ""13"": 100, ""14"": 100, ""15"": 100}","{""1"": 998, ""2"": 335, ""3"": 135, ""4"": 33, ""5"": 10, ""6"": 5, ""7"": 1, ""8"": 2, ""9"": 1, ""14"": 1, ""16"": 1, ""17"": 4, ""18"": 33, ""19"": 23, ""20"": 10, ""21"": 3, ""24"": 1, ""25"": 1}"
saturation,2,pair,False,123,continuous,2004,2000,2000,0,0,0,1999,670,1914,2356,0,1,1,1,870a3965fae2e564ec1ebbeb4937d0c5830e10f5ba7595efc72a3b0299fbfa1d,"{""0"": 125, ""1"": 125, ""2"": 125, ""3"": 125, ""4"": 125, ""5"": 125, ""6"": 125, ""7"": 125, ""8"": 125, ""9"": 125, ""10"": 125, ""11"": 125, ""12"": 125, ""13"": 125, ""14"": 125, ""15"": 125}","{""1"": 2000}"
random,2,fixed,False,7,mixed,4188,1600,1598,2,2049,0,1323,529,1457,1896,2,1,20,22,e74c6839db46dae492b59b8ffc234933f6ff986973b3d5c63d9c9d75421ac6f0,"{""0"": 100, ""1"": 100, ""2"": 100, ""3"": 100, ""4"": 100, ""5"": 100, ""6"": 100, ""7"": 100, ""8"": 100, ""9"": 100, ""10"": 100, ""11"": 100, ""12"": 100, ""13"": 100, ""14"": 100, ""15"": 100}","{""1"": 978, ""2"": 373, ""3"": 112, ""4"": 38, ""5"": 11, ""6"": 3, ""7"": 4, ""8"": 1, ""15"": 1, ""16"": 1, ""17"": 7, ""18"": 28, ""19"": 19, ""20"": 13, ""21"": 3, ""22"": 6}"
random,2,fixed,False,31,mixed,4188,1600,1597,3,2050,0,1325,541,1477,1966,3,1,20,23,47dc32abf896ca000ae77a1226d6ee6f6e53b1f88755b618493e145f4dbde5e3,"{""0"": 100, ""1"": 100, ""2"": 100, ""3"": 100, ""4"": 100, ""5"": 100, ""6"": 100, ""7"": 100, ""8"": 100, ""9"": 100, ""10"": 100, ""11"": 100, ""12"": 100, ""13"": 100, ""14"": 100, ""15"": 100}","{""1"": 989, ""2"": 338, ""3"": 129, ""4"": 42, ""5"": 11, ""6"": 8, ""8"": 1, ""9"": 1, ""15"": 2, ""17"": 3, ""18"": 25, ""19"": 29, ""20"": 11, ""21"": 5, ""22"": 2, ""23"": 1}"
random,2,fixed,False,97,mixed,4137,1600,1597,3,1994,0,1331,514,1475,1947,3,1,19,25,8a1b72a5080102cc74a061082bbb838ea299dcd686f0ebd9c36e2a624e2074e3,"{""0"": 100, ""1"": 100, ""2"": 100, ""3"": 100, ""4"": 100, ""5"": 100, ""6"": 100, ""7"": 100, ""8"": 100, ""9"": 100, ""10"": 100, ""11"": 100, ""12"": 100, ""13"": 100, ""14"": 100, ""15"": 100}","{""1"": 998, ""2"": 335, ""3"": 135, ""4"": 33, ""5"": 10, ""6"": 5, ""7"": 1, ""8"": 2, ""9"": 1, ""14"": 1, ""16"": 1, ""17"": 4, ""18"": 33, ""19"": 23, ""20"": 10, ""21"": 3, ""24"": 1, ""25"": 1}"
saturation,2,fixed,False,123,continuous,2004,2000,2000,0,0,0,1999,690,1914,2356,0,1,1,1,1771dc098258d915ad00cb21b3d74e9cc00d55182c361ca7317f31fa7142745e,"{""0"": 125, ""1"": 125, ""2"": 125, ""3"": 125, ""4"": 125, ""5"": 125, ""6"": 125, ""7"": 125, ""8"": 125, ""9"": 125, ""10"": 125, ""11"": 125, ""12"": 125, ""13"": 125, ""14"": 125, ""15"": 125}","{""1"": 2000}"
random,4,dense,False,7,mixed,4188,1600,1598,2,2049,0,1323,770,682,676,2,1,20,22,ea09436bdf8ea321a39cc975febe0ab16aa79b739bb6ca69083fb26173e1e9bb,"{""0"": 100, ""1"": 100, ""2"": 100, ""3"": 100, ""4"": 100, ""5"": 100, ""6"": 100, ""7"": 100, ""8"": 100, ""9"": 100, ""10"": 100, ""11"": 100, ""12"": 100, ""13"": 100, ""14"": 100, ""15"": 100}","{""1"": 978, ""2"": 373, ""3"": 112, ""4"": 38, ""5"": 11, ""6"": 3, ""7"": 4, ""8"": 1, ""15"": 1, ""16"": 1, ""17"": 7, ""18"": 28, ""19"": 19, ""20"": 13, ""21"": 3, ""22"": 6}"
random,4,dense,False,31,mixed,4188,1600,1597,3,2050,0,1325,796,662,698,3,1,20,23,6652cb7cc23c77030f54d353d3c4f4204109d770e38c3044a4c83a293bc0187c,"{""0"": 100, ""1"": 100, ""2"": 100, ""3"": 100, ""4"": 100, ""5"": 100, ""6"": 100, ""7"": 100, ""8"": 100, ""9"": 100, ""10"": 100, ""11"": 100, ""12"": 100, ""13"": 100, ""14"": 100, ""15"": 100}","{""1"": 989, ""2"": 338, ""3"": 129, ""4"": 42, ""5"": 11, ""6"": 8, ""8"": 1, ""9"": 1, ""15"": 2, ""17"": 3, ""18"": 25, ""19"": 29, ""20"": 11, ""21"": 5, ""22"": 2, ""23"": 1}"
random,4,dense,False,97,mixed,4137,1600,1597,3,1994,0,1331,737,662,711,3,1,19,25,f3efa978abcfb174956a486909f0703c4e223283f1373794a5f0d081040724a1,"{""0"": 100, ""1"": 100, ""2"": 100, ""3"": 100, ""4"": 100, ""5"": 100, ""6"": 100, ""7"": 100, ""8"": 100, ""9"": 100, ""10"": 100, ""11"": 100, ""12"": 100, ""13"": 100, ""14"": 100, ""15"": 100}","{""1"": 998, ""2"": 335, ""3"": 135, ""4"": 33, ""5"": 10, ""6"": 5, ""7"": 1, ""8"": 2, ""9"": 1, ""14"": 1, ""16"": 1, ""17"": 4, ""18"": 33, ""19"": 23, ""20"": 10, ""21"": 3, ""24"": 1, ""25"": 1}"
saturation,4,dense,False,123,continuous,2004,2000,2000,0,0,0,1999,949,902,834,0,1,1,1,8b1e37d332351568fb3c0f8cc863f138a933b00c61da3054a2370ef24cc00090,"{""0"": 125, ""1"": 125, ""2"": 125, ""3"": 125, ""4"": 125, ""5"": 125, ""6"": 125, ""7"": 125, ""8"": 125, ""9"": 125, ""10"": 125, ""11"": 125, ""12"": 125, ""13"": 125, ""14"": 125, ""15"": 125}","{""1"": 2000}"
random,4,index,False,7,mixed,4188,1600,1598,2,2049,998,1323,295,682,676,2,1,20,22,fb75b8ae055c3557cb019d1a46339d424a6688b8e209fbeddd0330c1a53bbe0b,"{""0"": 100, ""1"": 100, ""2"": 100, ""3"": 100, ""4"": 100, ""5"": 100, ""6"": 100, ""7"": 100, ""8"": 100, ""9"": 100, ""10"": 100, ""11"": 100, ""12"": 100, ""13"": 100, ""14"": 100, ""15"": 100}","{""1"": 978, ""2"": 373, ""3"": 112, ""4"": 38, ""5"": 11, ""6"": 3, ""7"": 4, ""8"": 1, ""15"": 1, ""16"": 1, ""17"": 7, ""18"": 28, ""19"": 19, ""20"": 13, ""21"": 3, ""22"": 6}"
random,4,index,False,31,mixed,4188,1600,1597,3,2050,998,1325,275,662,698,3,1,20,23,45a92c85ffee663204f7de36a968057349cd96f41abb4b46f818850c384546a4,"{""0"": 100, ""1"": 100, ""2"": 100, ""3"": 100, ""4"": 100, ""5"": 100, ""6"": 100, ""7"": 100, ""8"": 100, ""9"": 100, ""10"": 100, ""11"": 100, ""12"": 100, ""13"": 100, ""14"": 100, ""15"": 100}","{""1"": 989, ""2"": 338, ""3"": 129, ""4"": 42, ""5"": 11, ""6"": 8, ""8"": 1, ""9"": 1, ""15"": 2, ""17"": 3, ""18"": 25, ""19"": 29, ""20"": 11, ""21"": 5, ""22"": 2, ""23"": 1}"
random,4,index,False,97,mixed,4137,1600,1597,3,1994,997,1331,270,662,711,3,1,19,25,848d98ccfcc8b939514ecec8594e0c20829b48fc1893c18e037487fcf4648223,"{""0"": 100, ""1"": 100, ""2"": 100, ""3"": 100, ""4"": 100, ""5"": 100, ""6"": 100, ""7"": 100, ""8"": 100, ""9"": 100, ""10"": 100, ""11"": 100, ""12"": 100, ""13"": 100, ""14"": 100, ""15"": 100}","{""1"": 998, ""2"": 335, ""3"": 135, ""4"": 33, ""5"": 10, ""6"": 5, ""7"": 1, ""8"": 2, ""9"": 1, ""14"": 1, ""16"": 1, ""17"": 4, ""18"": 33, ""19"": 23, ""20"": 10, ""21"": 3, ""24"": 1, ""25"": 1}"
saturation,4,index,False,123,continuous,2004,2000,2000,0,0,1250,1999,346,902,834,0,1,1,1,9eef10b629db16f7b646f6624f2d2974758f4fe4940046d09905274f80eccc7e,"{""0"": 125, ""1"": 125, ""2"": 125, ""3"": 125, ""4"": 125, ""5"": 125, ""6"": 125, ""7"": 125, ""8"": 125, ""9"": 125, ""10"": 125, ""11"": 125, ""12"": 125, ""13"": 125, ""14"": 125, ""15"": 125}","{""1"": 2000}"
random,4,code,False,7,mixed,4188,1600,1598,2,2049,400,1323,557,682,676,2,1,20,22,53e771e3916edcecf579a3448f9d823958e1bd86369b4f7fafe77b90cd15501d,"{""0"": 100, ""1"": 100, ""2"": 100, ""3"": 100, ""4"": 100, ""5"": 100, ""6"": 100, ""7"": 100, ""8"": 100, ""9"": 100, ""10"": 100, ""11"": 100, ""12"": 100, ""13"": 100, ""14"": 100, ""15"": 100}","{""1"": 978, ""2"": 373, ""3"": 112, ""4"": 38, ""5"": 11, ""6"": 3, ""7"": 4, ""8"": 1, ""15"": 1, ""16"": 1, ""17"": 7, ""18"": 28, ""19"": 19, ""20"": 13, ""21"": 3, ""22"": 6}"
random,4,code,False,31,mixed,4188,1600,1597,3,2050,398,1325,578,662,698,3,1,20,23,eb3ef728e2f863e4efba437d38edabdb8497b101622f4f92dec1198cf8428ee6,"{""0"": 100, ""1"": 100, ""2"": 100, ""3"": 100, ""4"": 100, ""5"": 100, ""6"": 100, ""7"": 100, ""8"": 100, ""9"": 100, ""10"": 100, ""11"": 100, ""12"": 100, ""13"": 100, ""14"": 100, ""15"": 100}","{""1"": 989, ""2"": 338, ""3"": 129, ""4"": 42, ""5"": 11, ""6"": 8, ""8"": 1, ""9"": 1, ""15"": 2, ""17"": 3, ""18"": 25, ""19"": 29, ""20"": 11, ""21"": 5, ""22"": 2, ""23"": 1}"
random,4,code,False,97,mixed,4137,1600,1597,3,1994,399,1331,565,662,711,3,1,19,25,e73187c2e368b9d7ab674f895f1667c5dd46114fcc1f602ca40706a7a45d2e0b,"{""0"": 100, ""1"": 100, ""2"": 100, ""3"": 100, ""4"": 100, ""5"": 100, ""6"": 100, ""7"": 100, ""8"": 100, ""9"": 100, ""10"": 100, ""11"": 100, ""12"": 100, ""13"": 100, ""14"": 100, ""15"": 100}","{""1"": 998, ""2"": 335, ""3"": 135, ""4"": 33, ""5"": 10, ""6"": 5, ""7"": 1, ""8"": 2, ""9"": 1, ""14"": 1, ""16"": 1, ""17"": 4, ""18"": 33, ""19"": 23, ""20"": 10, ""21"": 3, ""24"": 1, ""25"": 1}"
saturation,4,code,False,123,continuous,2004,2000,2000,0,0,500,1999,716,902,834,0,1,1,1,9820ca3bb491b91b8285304c39255ceb34a2eb27fd15562cd893b850e59a266f,"{""0"": 125, ""1"": 125, ""2"": 125, ""3"": 125, ""4"": 125, ""5"": 125, ""6"": 125, ""7"": 125, ""8"": 125, ""9"": 125, ""10"": 125, ""11"": 125, ""12"": 125, ""13"": 125, ""14"": 125, ""15"": 125}","{""1"": 2000}"
random,4,pair,False,7,mixed,4188,1600,1598,2,2049,0,1323,761,682,676,2,1,20,22,0e254464cfdaf920df6b8824ecb716794e0f53faf43c6cff477fcfa143605ec1,"{""0"": 100, ""1"": 100, ""2"": 100, ""3"": 100, ""4"": 100, ""5"": 100, ""6"": 100, ""7"": 100, ""8"": 100, ""9"": 100, ""10"": 100, ""11"": 100, ""12"": 100, ""13"": 100, ""14"": 100, ""15"": 100}","{""1"": 978, ""2"": 373, ""3"": 112, ""4"": 38, ""5"": 11, ""6"": 3, ""7"": 4, ""8"": 1, ""15"": 1, ""16"": 1, ""17"": 7, ""18"": 28, ""19"": 19, ""20"": 13, ""21"": 3, ""22"": 6}"
random,4,pair,False,31,mixed,4188,1600,1597,3,2050,0,1325,738,662,698,3,1,20,23,a8fac964b37f2bf80caa27a9049d543f6e130066cb0f32fc4b5816a6a6397b62,"{""0"": 100, ""1"": 100, ""2"": 100, ""3"": 100, ""4"": 100, ""5"": 100, ""6"": 100, ""7"": 100, ""8"": 100, ""9"": 100, ""10"": 100, ""11"": 100, ""12"": 100, ""13"": 100, ""14"": 100, ""15"": 100}","{""1"": 989, ""2"": 338, ""3"": 129, ""4"": 42, ""5"": 11, ""6"": 8, ""8"": 1, ""9"": 1, ""15"": 2, ""17"": 3, ""18"": 25, ""19"": 29, ""20"": 11, ""21"": 5, ""22"": 2, ""23"": 1}"
random,4,pair,False,97,mixed,4137,1600,1597,3,1994,0,1331,694,662,711,3,1,19,25,b0f0b989558a7d22f5054e3cdbbc2c28e2843250d8ca82a751b2d93fd0c2cb1a,"{""0"": 100, ""1"": 100, ""2"": 100, ""3"": 100, ""4"": 100, ""5"": 100, ""6"": 100, ""7"": 100, ""8"": 100, ""9"": 100, ""10"": 100, ""11"": 100, ""12"": 100, ""13"": 100, ""14"": 100, ""15"": 100}","{""1"": 998, ""2"": 335, ""3"": 135, ""4"": 33, ""5"": 10, ""6"": 5, ""7"": 1, ""8"": 2, ""9"": 1, ""14"": 1, ""16"": 1, ""17"": 4, ""18"": 33, ""19"": 23, ""20"": 10, ""21"": 3, ""24"": 1, ""25"": 1}"
saturation,4,pair,False,123,continuous,2004,2000,2000,0,0,0,1999,913,902,834,0,1,1,1,3396c0b6335d9a71ac54b1fbfc9708e115ef7af53a899460b6c7fb16d8b08d8f,"{""0"": 125, ""1"": 125, ""2"": 125, ""3"": 125, ""4"": 125, ""5"": 125, ""6"": 125, ""7"": 125, ""8"": 125, ""9"": 125, ""10"": 125, ""11"": 125, ""12"": 125, ""13"": 125, ""14"": 125, ""15"": 125}","{""1"": 2000}"
random,4,fixed,False,7,mixed,4188,1600,1598,2,2049,0,1323,722,682,676,2,1,20,22,6d449d11d5ff70478c3cc4d46bb9c427937635b33494073a754b5fc3b8786d8e,"{""0"": 100, ""1"": 100, ""2"": 100, ""3"": 100, ""4"": 100, ""5"": 100, ""6"": 100, ""7"": 100, ""8"": 100, ""9"": 100, ""10"": 100, ""11"": 100, ""12"": 100, ""13"": 100, ""14"": 100, ""15"": 100}","{""1"": 978, ""2"": 373, ""3"": 112, ""4"": 38, ""5"": 11, ""6"": 3, ""7"": 4, ""8"": 1, ""15"": 1, ""16"": 1, ""17"": 7, ""18"": 28, ""19"": 19, ""20"": 13, ""21"": 3, ""22"": 6}"
random,4,fixed,False,31,mixed,4188,1600,1597,3,2050,0,1325,733,662,698,3,1,20,23,8e74ff8291162128b05407a4aeed5fbf06537cf415465c7a25fcdd1873491936,"{""0"": 100, ""1"": 100, ""2"": 100, ""3"": 100, ""4"": 100, ""5"": 100, ""6"": 100, ""7"": 100, ""8"": 100, ""9"": 100, ""10"": 100, ""11"": 100, ""12"": 100, ""13"": 100, ""14"": 100, ""15"": 100}","{""1"": 989, ""2"": 338, ""3"": 129, ""4"": 42, ""5"": 11, ""6"": 8, ""8"": 1, ""9"": 1, ""15"": 2, ""17"": 3, ""18"": 25, ""19"": 29, ""20"": 11, ""21"": 5, ""22"": 2, ""23"": 1}"
random,4,fixed,False,97,mixed,4137,1600,1597,3,1994,0,1331,732,662,711,3,1,19,25,5dd7700e626f7aef22aa0dc47dc59aeaacc2a019879cce3ce52ff4eb9a7d14b7,"{""0"": 100, ""1"": 100, ""2"": 100, ""3"": 100, ""4"": 100, ""5"": 100, ""6"": 100, ""7"": 100, ""8"": 100, ""9"": 100, ""10"": 100, ""11"": 100, ""12"": 100, ""13"": 100, ""14"": 100, ""15"": 100}","{""1"": 998, ""2"": 335, ""3"": 135, ""4"": 33, ""5"": 10, ""6"": 5, ""7"": 1, ""8"": 2, ""9"": 1, ""14"": 1, ""16"": 1, ""17"": 4, ""18"": 33, ""19"": 23, ""20"": 10, ""21"": 3, ""24"": 1, ""25"": 1}"
saturation,4,fixed,False,123,continuous,2004,2000,2000,0,0,0,1999,928,902,834,0,1,1,1,aa1eaba5bbed614fae58004649aca23f24206cf89bee173b50b7bccdb2df1710,"{""0"": 125, ""1"": 125, ""2"": 125, ""3"": 125, ""4"": 125, ""5"": 125, ""6"": 125, ""7"": 125, ""8"": 125, ""9"": 125, ""10"": 125, ""11"": 125, ""12"": 125, ""13"": 125, ""14"": 125, ""15"": 125}","{""1"": 2000}"
random,6,dense,False,7,mixed,4188,1600,1598,2,2049,0,1323,788,509,494,2,1,20,22,500603211f3c7396e190d510847a06b9e8fdcc8810e0d0bf06a0d5f08b91a877,"{""0"": 100, ""1"": 100, ""2"": 100, ""3"": 100, ""4"": 100, ""5"": 100, ""6"": 100, ""7"": 100, ""8"": 100, ""9"": 100, ""10"": 100, ""11"": 100, ""12"": 100, ""13"": 100, ""14"": 100, ""15"": 100}","{""1"": 978, ""2"": 373, ""3"": 112, ""4"": 38, ""5"": 11, ""6"": 3, ""7"": 4, ""8"": 1, ""15"": 1, ""16"": 1, ""17"": 7, ""18"": 28, ""19"": 19, ""20"": 13, ""21"": 3, ""22"": 6}"
random,6,dense,False,31,mixed,4188,1600,1597,3,2050,0,1325,800,473,474,3,1,20,23,d8b2793f4c5ca45796099d8d2b29455122399d7c01674c00d1a615bedd82cea1,"{""0"": 100, ""1"": 100, ""2"": 100, ""3"": 100, ""4"": 100, ""5"": 100, ""6"": 100, ""7"": 100, ""8"": 100, ""9"": 100, ""10"": 100, ""11"": 100, ""12"": 100, ""13"": 100, ""14"": 100, ""15"": 100}","{""1"": 989, ""2"": 338, ""3"": 129, ""4"": 42, ""5"": 11, ""6"": 8, ""8"": 1, ""9"": 1, ""15"": 2, ""17"": 3, ""18"": 25, ""19"": 29, ""20"": 11, ""21"": 5, ""22"": 2, ""23"": 1}"
random,6,dense,False,97,mixed,4137,1600,1597,3,1994,0,1331,744,473,502,3,1,19,25,85b9fd5b03174add55c86d2fb219b8738ad961d5b1afb3649333a4da006c5af5,"{""0"": 100, ""1"": 100, ""2"": 100, ""3"": 100, ""4"": 100, ""5"": 100, ""6"": 100, ""7"": 100, ""8"": 100, ""9"": 100, ""10"": 100, ""11"": 100, ""12"": 100, ""13"": 100, ""14"": 100, ""15"": 100}","{""1"": 998, ""2"": 335, ""3"": 135, ""4"": 33, ""5"": 10, ""6"": 5, ""7"": 1, ""8"": 2, ""9"": 1, ""14"": 1, ""16"": 1, ""17"": 4, ""18"": 33, ""19"": 23, ""20"": 10, ""21"": 3, ""24"": 1, ""25"": 1}"
saturation,6,dense,False,123,continuous,2004,2000,2000,0,0,0,1999,952,647,589,0,1,1,1,5106cb066e851b2b74716ba70aca20c7bef2109b7d1c0bf8ea15418da9e85920,"{""0"": 125, ""1"": 125, ""2"": 125, ""3"": 125, ""4"": 125, ""5"": 125, ""6"": 125, ""7"": 125, ""8"": 125, ""9"": 125, ""10"": 125, ""11"": 125, ""12"": 125, ""13"": 125, ""14"": 125, ""15"": 125}","{""1"": 2000}"
random,6,index,False,7,mixed,4188,1600,1598,2,2049,998,1323,301,509,494,2,1,20,22,ad6a920f2763c162f6e9f71896fb5762c709a32e6b3fb7ddb349639d46f75489,"{""0"": 100, ""1"": 100, ""2"": 100, ""3"": 100, ""4"": 100, ""5"": 100, ""6"": 100, ""7"": 100, ""8"": 100, ""9"": 100, ""10"": 100, ""11"": 100, ""12"": 100, ""13"": 100, ""14"": 100, ""15"": 100}","{""1"": 978, ""2"": 373, ""3"": 112, ""4"": 38, ""5"": 11, ""6"": 3, ""7"": 4, ""8"": 1, ""15"": 1, ""16"": 1, ""17"": 7, ""18"": 28, ""19"": 19, ""20"": 13, ""21"": 3, ""22"": 6}"
random,6,index,False,31,mixed,4188,1600,1597,3,2050,998,1325,283,473,474,3,1,20,23,c197a7159d4303c0d8ea5106b5c213affc5d0b8aa719958d606f728598dc9e1b,"{""0"": 100, ""1"": 100, ""2"": 100, ""3"": 100, ""4"": 100, ""5"": 100, ""6"": 100, ""7"": 100, ""8"": 100, ""9"": 100, ""10"": 100, ""11"": 100, ""12"": 100, ""13"": 100, ""14"": 100, ""15"": 100}","{""1"": 989, ""2"": 338, ""3"": 129, ""4"": 42, ""5"": 11, ""6"": 8, ""8"": 1, ""9"": 1, ""15"": 2, ""17"": 3, ""18"": 25, ""19"": 29, ""20"": 11, ""21"": 5, ""22"": 2, ""23"": 1}"
random,6,index,False,97,mixed,4137,1600,1597,3,1994,997,1331,271,473,502,3,1,19,25,da821aaacc88eeddff9a02444b0639e63a1342e4660b55fedc6902124e2f6183,"{""0"": 100, ""1"": 100, ""2"": 100, ""3"": 100, ""4"": 100, ""5"": 100, ""6"": 100, ""7"": 100, ""8"": 100, ""9"": 100, ""10"": 100, ""11"": 100, ""12"": 100, ""13"": 100, ""14"": 100, ""15"": 100}","{""1"": 998, ""2"": 335, ""3"": 135, ""4"": 33, ""5"": 10, ""6"": 5, ""7"": 1, ""8"": 2, ""9"": 1, ""14"": 1, ""16"": 1, ""17"": 4, ""18"": 33, ""19"": 23, ""20"": 10, ""21"": 3, ""24"": 1, ""25"": 1}"
saturation,6,index,False,123,continuous,2004,2000,2000,0,0,1250,1999,355,647,589,0,1,1,1,b04264ab633e4ec94a90f3a8da6b4997e9e66962cf02b600de169dba9842a334,"{""0"": 125, ""1"": 125, ""2"": 125, ""3"": 125, ""4"": 125, ""5"": 125, ""6"": 125, ""7"": 125, ""8"": 125, ""9"": 125, ""10"": 125, ""11"": 125, ""12"": 125, ""13"": 125, ""14"": 125, ""15"": 125}","{""1"": 2000}"
random,6,code,False,7,mixed,4188,1600,1598,2,2049,400,1323,573,509,494,2,1,20,22,6067618676033657338276533cf1d9aa826eaaac30db5e2d2660b2461042734b,"{""0"": 100, ""1"": 100, ""2"": 100, ""3"": 100, ""4"": 100, ""5"": 100, ""6"": 100, ""7"": 100, ""8"": 100, ""9"": 100, ""10"": 100, ""11"": 100, ""12"": 100, ""13"": 100, ""14"": 100, ""15"": 100}","{""1"": 978, ""2"": 373, ""3"": 112, ""4"": 38, ""5"": 11, ""6"": 3, ""7"": 4, ""8"": 1, ""15"": 1, ""16"": 1, ""17"": 7, ""18"": 28, ""19"": 19, ""20"": 13, ""21"": 3, ""22"": 6}"
random,6,code,False,31,mixed,4188,1600,1597,3,2050,398,1325,590,473,474,3,1,20,23,954f37514649559bcf80257a21b07e3fedf1e4508ee0318e0ef84d41cb9aaaa6,"{""0"": 100, ""1"": 100, ""2"": 100, ""3"": 100, ""4"": 100, ""5"": 100, ""6"": 100, ""7"": 100, ""8"": 100, ""9"": 100, ""10"": 100, ""11"": 100, ""12"": 100, ""13"": 100, ""14"": 100, ""15"": 100}","{""1"": 989, ""2"": 338, ""3"": 129, ""4"": 42, ""5"": 11, ""6"": 8, ""8"": 1, ""9"": 1, ""15"": 2, ""17"": 3, ""18"": 25, ""19"": 29, ""20"": 11, ""21"": 5, ""22"": 2, ""23"": 1}"
random,6,code,False,97,mixed,4137,1600,1597,3,1994,399,1331,582,473,502,3,1,19,25,659334e284764910de2d4b7671b11832f720f0a565e5109dcf053324be6036c9,"{""0"": 100, ""1"": 100, ""2"": 100, ""3"": 100, ""4"": 100, ""5"": 100, ""6"": 100, ""7"": 100, ""8"": 100, ""9"": 100, ""10"": 100, ""11"": 100, ""12"": 100, ""13"": 100, ""14"": 100, ""15"": 100}","{""1"": 998, ""2"": 335, ""3"": 135, ""4"": 33, ""5"": 10, ""6"": 5, ""7"": 1, ""8"": 2, ""9"": 1, ""14"": 1, ""16"": 1, ""17"": 4, ""18"": 33, ""19"": 23, ""20"": 10, ""21"": 3, ""24"": 1, ""25"": 1}"
saturation,6,code,False,123,continuous,2004,2000,2000,0,0,500,1999,735,647,589,0,1,1,1,d29c0c222368b62166e5a31de9318e06c5d707e9cf588029eb41f14bcca0e778,"{""0"": 125, ""1"": 125, ""2"": 125, ""3"": 125, ""4"": 125, ""5"": 125, ""6"": 125, ""7"": 125, ""8"": 125, ""9"": 125, ""10"": 125, ""11"": 125, ""12"": 125, ""13"": 125, ""14"": 125, ""15"": 125}","{""1"": 2000}"
random,6,pair,False,7,mixed,4188,1600,1598,2,2049,0,1323,782,509,494,2,1,20,22,15071771e1b8bae2aa53c04b17a6cd273f5d56a8634b0c5693a24df54a71de38,"{""0"": 100, ""1"": 100, ""2"": 100, ""3"": 100, ""4"": 100, ""5"": 100, ""6"": 100, ""7"": 100, ""8"": 100, ""9"": 100, ""10"": 100, ""11"": 100, ""12"": 100, ""13"": 100, ""14"": 100, ""15"": 100}","{""1"": 978, ""2"": 373, ""3"": 112, ""4"": 38, ""5"": 11, ""6"": 3, ""7"": 4, ""8"": 1, ""15"": 1, ""16"": 1, ""17"": 7, ""18"": 28, ""19"": 19, ""20"": 13, ""21"": 3, ""22"": 6}"
random,6,pair,False,31,mixed,4188,1600,1597,3,2050,0,1325,746,473,474,3,1,20,23,f5dd966d18c90217e1a74b75ec2c3756efe8e9b5565f2d97b8cba29247c51a91,"{""0"": 100, ""1"": 100, ""2"": 100, ""3"": 100, ""4"": 100, ""5"": 100, ""6"": 100, ""7"": 100, ""8"": 100, ""9"": 100, ""10"": 100, ""11"": 100, ""12"": 100, ""13"": 100, ""14"": 100, ""15"": 100}","{""1"": 989, ""2"": 338, ""3"": 129, ""4"": 42, ""5"": 11, ""6"": 8, ""8"": 1, ""9"": 1, ""15"": 2, ""17"": 3, ""18"": 25, ""19"": 29, ""20"": 11, ""21"": 5, ""22"": 2, ""23"": 1}"
random,6,pair,False,97,mixed,4137,1600,1597,3,1994,0,1331,712,473,502,3,1,19,25,7b50092c53197adddb23e568be580245cc71279249f208b9cd67671cff4c73bd,"{""0"": 100, ""1"": 100, ""2"": 100, ""3"": 100, ""4"": 100, ""5"": 100, ""6"": 100, ""7"": 100, ""8"": 100, ""9"": 100, ""10"": 100, ""11"": 100, ""12"": 100, ""13"": 100, ""14"": 100, ""15"": 100}","{""1"": 998, ""2"": 335, ""3"": 135, ""4"": 33, ""5"": 10, ""6"": 5, ""7"": 1, ""8"": 2, ""9"": 1, ""14"": 1, ""16"": 1, ""17"": 4, ""18"": 33, ""19"": 23, ""20"": 10, ""21"": 3, ""24"": 1, ""25"": 1}"
saturation,6,pair,False,123,continuous,2004,2000,2000,0,0,0,1999,938,647,589,0,1,1,1,c60b34ee06f0a1e98fbb97617339fa5dba47dc2762821b3ffe16cb9b3a61e4f4,"{""0"": 125, ""1"": 125, ""2"": 125, ""3"": 125, ""4"": 125, ""5"": 125, ""6"": 125, ""7"": 125, ""8"": 125, ""9"": 125, ""10"": 125, ""11"": 125, ""12"": 125, ""13"": 125, ""14"": 125, ""15"": 125}","{""1"": 2000}"
random,6,fixed,False,7,mixed,4188,1600,1598,2,2049,0,1323,740,509,494,2,1,20,22,ccf83def8acf1c5b98fab36b136b227e0b9930d29540115ddbb2b4df149e7bb2,"{""0"": 100, ""1"": 100, ""2"": 100, ""3"": 100, ""4"": 100, ""5"": 100, ""6"": 100, ""7"": 100, ""8"": 100, ""9"": 100, ""10"": 100, ""11"": 100, ""12"": 100, ""13"": 100, ""14"": 100, ""15"": 100}","{""1"": 978, ""2"": 373, ""3"": 112, ""4"": 38, ""5"": 11, ""6"": 3, ""7"": 4, ""8"": 1, ""15"": 1, ""16"": 1, ""17"": 7, ""18"": 28, ""19"": 19, ""20"": 13, ""21"": 3, ""22"": 6}"
random,6,fixed,False,31,mixed,4188,1600,1597,3,2050,0,1325,755,473,474,3,1,20,23,f77e7b0f361e429e213ee15dfb2ef09a25f748c9f90ceb81fce065d8620e9eee,"{""0"": 100, ""1"": 100, ""2"": 100, ""3"": 100, ""4"": 100, ""5"": 100, ""6"": 100, ""7"": 100, ""8"": 100, ""9"": 100, ""10"": 100, ""11"": 100, ""12"": 100, ""13"": 100, ""14"": 100, ""15"": 100}","{""1"": 989, ""2"": 338, ""3"": 129, ""4"": 42, ""5"": 11, ""6"": 8, ""8"": 1, ""9"": 1, ""15"": 2, ""17"": 3, ""18"": 25, ""19"": 29, ""20"": 11, ""21"": 5, ""22"": 2, ""23"": 1}"
random,6,fixed,False,97,mixed,4137,1600,1597,3,1994,0,1331,748,473,502,3,1,19,25,059ee22cd022f6a3afe56a69d2f012483cc2b68704514ef6764e8435a4e1dd3f,"{""0"": 100, ""1"": 100, ""2"": 100, ""3"": 100, ""4"": 100, ""5"": 100, ""6"": 100, ""7"": 100, ""8"": 100, ""9"": 100, ""10"": 100, ""11"": 100, ""12"": 100, ""13"": 100, ""14"": 100, ""15"": 100}","{""1"": 998, ""2"": 335, ""3"": 135, ""4"": 33, ""5"": 10, ""6"": 5, ""7"": 1, ""8"": 2, ""9"": 1, ""14"": 1, ""16"": 1, ""17"": 4, ""18"": 33, ""19"": 23, ""20"": 10, ""21"": 3, ""24"": 1, ""25"": 1}"
saturation,6,fixed,False,123,continuous,2004,2000,2000,0,0,0,1999,945,647,589,0,1,1,1,4eca24e167f16b1ea6720aea52f975adb7aeab5ed0367637b72b984addc480b1,"{""0"": 125, ""1"": 125, ""2"": 125, ""3"": 125, ""4"": 125, ""5"": 125, ""6"": 125, ""7"": 125, ""8"": 125, ""9"": 125, ""10"": 125, ""11"": 125, ""12"": 125, ""13"": 125, ""14"": 125, ""15"": 125}","{""1"": 2000}"
random,8,dense,False,7,mixed,4188,1600,1598,2,2049,0,1323,785,464,431,2,1,20,22,d0d00bd23f2eef7896a09a38a95b7621ec64b8d452dcbd22027873cef711e1d0,"{""0"": 100, ""1"": 100, ""2"": 100, ""3"": 100, ""4"": 100, ""5"": 100, ""6"": 100, ""7"": 100, ""8"": 100, ""9"": 100, ""10"": 100, ""11"": 100, ""12"": 100, ""13"": 100, ""14"": 100, ""15"": 100}","{""1"": 978, ""2"": 373, ""3"": 112, ""4"": 38, ""5"": 11, ""6"": 3, ""7"": 4, ""8"": 1, ""15"": 1, ""16"": 1, ""17"": 7, ""18"": 28, ""19"": 19, ""20"": 13, ""21"": 3, ""22"": 6}"
random,8,dense,False,31,mixed,4188,1600,1597,3,2050,0,1325,799,431,418,3,1,20,23,a61b45b4e75c251e133b8f28fa4052325c9981cd3c60ffcdfddeff42bf895a23,"{""0"": 100, ""1"": 100, ""2"": 100, ""3"": 100, ""4"": 100, ""5"": 100, ""6"": 100, ""7"": 100, ""8"": 100, ""9"": 100, ""10"": 100, ""11"": 100, ""12"": 100, ""13"": 100, ""14"": 100, ""15"": 100}","{""1"": 989, ""2"": 338, ""3"": 129, ""4"": 42, ""5"": 11, ""6"": 8, ""8"": 1, ""9"": 1, ""15"": 2, ""17"": 3, ""18"": 25, ""19"": 29, ""20"": 11, ""21"": 5, ""22"": 2, ""23"": 1}"
random,8,dense,False,97,mixed,4137,1600,1597,3,1994,0,1331,749,423,451,3,1,19,25,b6cf83a101436ef4bf05a5df0fa7e436bee3ec977afff0d527c2b59cfebb33a9,"{""0"": 100, ""1"": 100, ""2"": 100, ""3"": 100, ""4"": 100, ""5"": 100, ""6"": 100, ""7"": 100, ""8"": 100, ""9"": 100, ""10"": 100, ""11"": 100, ""12"": 100, ""13"": 100, ""14"": 100, ""15"": 100}","{""1"": 998, ""2"": 335, ""3"": 135, ""4"": 33, ""5"": 10, ""6"": 5, ""7"": 1, ""8"": 2, ""9"": 1, ""14"": 1, ""16"": 1, ""17"": 4, ""18"": 33, ""19"": 23, ""20"": 10, ""21"": 3, ""24"": 1, ""25"": 1}"
saturation,8,dense,False,123,continuous,2004,2000,2000,0,0,0,1999,951,574,524,0,1,1,1,8d62326f9a4416439185cc218795960d4bff2f446e91c615ab3ab5ae37b2e010,"{""0"": 125, ""1"": 125, ""2"": 125, ""3"": 125, ""4"": 125, ""5"": 125, ""6"": 125, ""7"": 125, ""8"": 125, ""9"": 125, ""10"": 125, ""11"": 125, ""12"": 125, ""13"": 125, ""14"": 125, ""15"": 125}","{""1"": 2000}"
random,8,index,False,7,mixed,4188,1600,1598,2,2049,998,1323,300,464,431,2,1,20,22,c17ccf2f90b13715a2e5ab48d33409821ad352e8d6604ede58493dc7a088e602,"{""0"": 100, ""1"": 100, ""2"": 100, ""3"": 100, ""4"": 100, ""5"": 100, ""6"": 100, ""7"": 100, ""8"": 100, ""9"": 100, ""10"": 100, ""11"": 100, ""12"": 100, ""13"": 100, ""14"": 100, ""15"": 100}","{""1"": 978, ""2"": 373, ""3"": 112, ""4"": 38, ""5"": 11, ""6"": 3, ""7"": 4, ""8"": 1, ""15"": 1, ""16"": 1, ""17"": 7, ""18"": 28, ""19"": 19, ""20"": 13, ""21"": 3, ""22"": 6}"
random,8,index,False,31,mixed,4188,1600,1597,3,2050,998,1325,282,431,418,3,1,20,23,a54f27efc38db9a95d6c89c86fef194f42ac69ca65d249217fa4c1c34ed3fe94,"{""0"": 100, ""1"": 100, ""2"": 100, ""3"": 100, ""4"": 100, ""5"": 100, ""6"": 100, ""7"": 100, ""8"": 100, ""9"": 100, ""10"": 100, ""11"": 100, ""12"": 100, ""13"": 100, ""14"": 100, ""15"": 100}","{""1"": 989, ""2"": 338, ""3"": 129, ""4"": 42, ""5"": 11, ""6"": 8, ""8"": 1, ""9"": 1, ""15"": 2, ""17"": 3, ""18"": 25, ""19"": 29, ""20"": 11, ""21"": 5, ""22"": 2, ""23"": 1}"
random,8,index,False,97,mixed,4137,1600,1597,3,1994,997,1331,273,423,451,3,1,19,25,623db5804dfb4fb9f441e5f6798bdd6e221282ce51bd50c7be804d9a21871596,"{""0"": 100, ""1"": 100, ""2"": 100, ""3"": 100, ""4"": 100, ""5"": 100, ""6"": 100, ""7"": 100, ""8"": 100, ""9"": 100, ""10"": 100, ""11"": 100, ""12"": 100, ""13"": 100, ""14"": 100, ""15"": 100}","{""1"": 998, ""2"": 335, ""3"": 135, ""4"": 33, ""5"": 10, ""6"": 5, ""7"": 1, ""8"": 2, ""9"": 1, ""14"": 1, ""16"": 1, ""17"": 4, ""18"": 33, ""19"": 23, ""20"": 10, ""21"": 3, ""24"": 1, ""25"": 1}"
saturation,8,index,False,123,continuous,2004,2000,2000,0,0,1250,1999,358,574,524,0,1,1,1,3e9be532bf1a2727102342f7dfe502936e6ca7ef229d74ef7d4d2e87669cded2,"{""0"": 125, ""1"": 125, ""2"": 125, ""3"": 125, ""4"": 125, ""5"": 125, ""6"": 125, ""7"": 125, ""8"": 125, ""9"": 125, ""10"": 125, ""11"": 125, ""12"": 125, ""13"": 125, ""14"": 125, ""15"": 125}","{""1"": 2000}"
random,8,code,False,7,mixed,4188,1600,1598,2,2049,400,1323,574,464,431,2,1,20,22,261402232bdd1bc46b53f7cd87c40bdd0bd9cd0c898645c0bc1d06dd36dadde4,"{""0"": 100, ""1"": 100, ""2"": 100, ""3"": 100, ""4"": 100, ""5"": 100, ""6"": 100, ""7"": 100, ""8"": 100, ""9"": 100, ""10"": 100, ""11"": 100, ""12"": 100, ""13"": 100, ""14"": 100, ""15"": 100}","{""1"": 978, ""2"": 373, ""3"": 112, ""4"": 38, ""5"": 11, ""6"": 3, ""7"": 4, ""8"": 1, ""15"": 1, ""16"": 1, ""17"": 7, ""18"": 28, ""19"": 19, ""20"": 13, ""21"": 3, ""22"": 6}"
random,8,code,False,31,mixed,4188,1600,1597,3,2050,398,1325,591,431,418,3,1,20,23,5c99effc51467d160601e34e196ae41bf6b78f2d6f7fac5f73ab16d66066174e,"{""0"": 100, ""1"": 100, ""2"": 100, ""3"": 100, ""4"": 100, ""5"": 100, ""6"": 100, ""7"": 100, ""8"": 100, ""9"": 100, ""10"": 100, ""11"": 100, ""12"": 100, ""13"": 100, ""14"": 100, ""15"": 100}","{""1"": 989, ""2"": 338, ""3"": 129, ""4"": 42, ""5"": 11, ""6"": 8, ""8"": 1, ""9"": 1, ""15"": 2, ""17"": 3, ""18"": 25, ""19"": 29, ""20"": 11, ""21"": 5, ""22"": 2, ""23"": 1}"
random,8,code,False,97,mixed,4137,1600,1597,3,1994,399,1331,583,423,451,3,1,19,25,1b22cd1c44ad5c40c86d5d0908626f9ca08f7795d1c6a7e5d3e1d257e6f96b1e,"{""0"": 100, ""1"": 100, ""2"": 100, ""3"": 100, ""4"": 100, ""5"": 100, ""6"": 100, ""7"": 100, ""8"": 100, ""9"": 100, ""10"": 100, ""11"": 100, ""12"": 100, ""13"": 100, ""14"": 100, ""15"": 100}","{""1"": 998, ""2"": 335, ""3"": 135, ""4"": 33, ""5"": 10, ""6"": 5, ""7"": 1, ""8"": 2, ""9"": 1, ""14"": 1, ""16"": 1, ""17"": 4, ""18"": 33, ""19"": 23, ""20"": 10, ""21"": 3, ""24"": 1, ""25"": 1}"
saturation,8,code,False,123,continuous,2004,2000,2000,0,0,500,1999,738,574,524,0,1,1,1,84f7039efaf265e5ee94c1614ddbdb0d64aaad45bbfd5631ba4f62a457ac9bec,"{""0"": 125, ""1"": 125, ""2"": 125, ""3"": 125, ""4"": 125, ""5"": 125, ""6"": 125, ""7"": 125, ""8"": 125, ""9"": 125, ""10"": 125, ""11"": 125, ""12"": 125, ""13"": 125, ""14"": 125, ""15"": 125}","{""1"": 2000}"
random,8,pair,False,7,mixed,4188,1600,1598,2,2049,0,1323,785,464,431,2,1,20,22,3a31cfd13dd1fe030a426edf4e2da5e66f2b2cb2ac97fac5c8e314e7a32a5f19,"{""0"": 100, ""1"": 100, ""2"": 100, ""3"": 100, ""4"": 100, ""5"": 100, ""6"": 100, ""7"": 100, ""8"": 100, ""9"": 100, ""10"": 100, ""11"": 100, ""12"": 100, ""13"": 100, ""14"": 100, ""15"": 100}","{""1"": 978, ""2"": 373, ""3"": 112, ""4"": 38, ""5"": 11, ""6"": 3, ""7"": 4, ""8"": 1, ""15"": 1, ""16"": 1, ""17"": 7, ""18"": 28, ""19"": 19, ""20"": 13, ""21"": 3, ""22"": 6}"
random,8,pair,False,31,mixed,4188,1600,1597,3,2050,0,1325,745,431,418,3,1,20,23,2929c998128ab5f59765397169f1832abafb4cf94e14139ab95b03ea46f0fe95,"{""0"": 100, ""1"": 100, ""2"": 100, ""3"": 100, ""4"": 100, ""5"": 100, ""6"": 100, ""7"": 100, ""8"": 100, ""9"": 100, ""10"": 100, ""11"": 100, ""12"": 100, ""13"": 100, ""14"": 100, ""15"": 100}","{""1"": 989, ""2"": 338, ""3"": 129, ""4"": 42, ""5"": 11, ""6"": 8, ""8"": 1, ""9"": 1, ""15"": 2, ""17"": 3, ""18"": 25, ""19"": 29, ""20"": 11, ""21"": 5, ""22"": 2, ""23"": 1}"
random,8,pair,False,97,mixed,4137,1600,1597,3,1994,0,1331,715,423,451,3,1,19,25,6a1003c6a66056135b90c48361c4464934e8684e5a56c22a4c71b95afada9cd6,"{""0"": 100, ""1"": 100, ""2"": 100, ""3"": 100, ""4"": 100, ""5"": 100, ""6"": 100, ""7"": 100, ""8"": 100, ""9"": 100, ""10"": 100, ""11"": 100, ""12"": 100, ""13"": 100, ""14"": 100, ""15"": 100}","{""1"": 998, ""2"": 335, ""3"": 135, ""4"": 33, ""5"": 10, ""6"": 5, ""7"": 1, ""8"": 2, ""9"": 1, ""14"": 1, ""16"": 1, ""17"": 4, ""18"": 33, ""19"": 23, ""20"": 10, ""21"": 3, ""24"": 1, ""25"": 1}"
saturation,8,pair,False,123,continuous,2004,2000,2000,0,0,0,1999,944,574,524,0,1,1,1,e4634c97c2909f7746bb589d03b7a3f396bb8c95bad0909fcb8f97d2abc02187,"{""0"": 125, ""1"": 125, ""2"": 125, ""3"": 125, ""4"": 125, ""5"": 125, ""6"": 125, ""7"": 125, ""8"": 125, ""9"": 125, ""10"": 125, ""11"": 125, ""12"": 125, ""13"": 125, ""14"": 125, ""15"": 125}","{""1"": 2000}"
random,8,fixed,False,7,mixed,4188,1600,1598,2,2049,0,1323,745,464,431,2,1,20,22,363f64bc0dcddc4ad47e0778d501a17bfa331fb232d91d18340a8ba1ca570649,"{""0"": 100, ""1"": 100, ""2"": 100, ""3"": 100, ""4"": 100, ""5"": 100, ""6"": 100, ""7"": 100, ""8"": 100, ""9"": 100, ""10"": 100, ""11"": 100, ""12"": 100, ""13"": 100, ""14"": 100, ""15"": 100}","{""1"": 978, ""2"": 373, ""3"": 112, ""4"": 38, ""5"": 11, ""6"": 3, ""7"": 4, ""8"": 1, ""15"": 1, ""16"": 1, ""17"": 7, ""18"": 28, ""19"": 19, ""20"": 13, ""21"": 3, ""22"": 6}"
random,8,fixed,False,31,mixed,4188,1600,1597,3,2050,0,1325,759,431,418,3,1,20,23,02ebde2e4b31fad25a6260ff8f91cc375b6a59720dedbfcbc8ae201ce074a2a5,"{""0"": 100, ""1"": 100, ""2"": 100, ""3"": 100, ""4"": 100, ""5"": 100, ""6"": 100, ""7"": 100, ""8"": 100, ""9"": 100, ""10"": 100, ""11"": 100, ""12"": 100, ""13"": 100, ""14"": 100, ""15"": 100}","{""1"": 989, ""2"": 338, ""3"": 129, ""4"": 42, ""5"": 11, ""6"": 8, ""8"": 1, ""9"": 1, ""15"": 2, ""17"": 3, ""18"": 25, ""19"": 29, ""20"": 11, ""21"": 5, ""22"": 2, ""23"": 1}"
random,8,fixed,False,97,mixed,4137,1600,1597,3,1994,0,1331,744,423,451,3,1,19,25,1ac37d38461f5dea5f8831eb688b275fdd8ec3d8e31bd0f2bc7f5f833c058a5a,"{""0"": 100, ""1"": 100, ""2"": 100, ""3"": 100, ""4"": 100, ""5"": 100, ""6"": 100, ""7"": 100, ""8"": 100, ""9"": 100, ""10"": 100, ""11"": 100, ""12"": 100, ""13"": 100, ""14"": 100, ""15"": 100}","{""1"": 998, ""2"": 335, ""3"": 135, ""4"": 33, ""5"": 10, ""6"": 5, ""7"": 1, ""8"": 2, ""9"": 1, ""14"": 1, ""16"": 1, ""17"": 4, ""18"": 33, ""19"": 23, ""20"": 10, ""21"": 3, ""24"": 1, ""25"": 1}"
saturation,8,fixed,False,123,continuous,2004,2000,2000,0,0,0,1999,948,574,524,0,1,1,1,498e28b649f6d63ff13a9dab266e14cec6940a6c18ac84b0bf02e9466bd15571,"{""0"": 125, ""1"": 125, ""2"": 125, ""3"": 125, ""4"": 125, ""5"": 125, ""6"": 125, ""7"": 125, ""8"": 125, ""9"": 125, ""10"": 125, ""11"": 125, ""12"": 125, ""13"": 125, ""14"": 125, ""15"": 125}","{""1"": 2000}"
random,12,dense,False,7,mixed,4188,1600,1598,2,2049,0,1323,783,441,414,2,1,20,22,242240b8188c88f32a6dd761aa9cea7108f2142329340c19ae852790a763da41,"{""0"": 100, ""1"": 100, ""2"": 100, ""3"": 100, ""4"": 100, ""5"": 100, ""6"": 100, ""7"": 100, ""8"": 100, ""9"": 100, ""10"": 100, ""11"": 100, ""12"": 100, ""13"": 100, ""14"": 100, ""15"": 100}","{""1"": 978, ""2"": 373, ""3"": 112, ""4"": 38, ""5"": 11, ""6"": 3, ""7"": 4, ""8"": 1, ""15"": 1, ""16"": 1, ""17"": 7, ""18"": 28, ""19"": 19, ""20"": 13, ""21"": 3, ""22"": 6}"
random,12,dense,False,31,mixed,4188,1600,1597,3,2050,0,1325,798,414,405,3,1,20,23,51e570d5ca8f97863974d416b928c95c0dbce8afa5cc94d29de0c6a78a267f30,"{""0"": 100, ""1"": 100, ""2"": 100, ""3"": 100, ""4"": 100, ""5"": 100, ""6"": 100, ""7"": 100, ""8"": 100, ""9"": 100, ""10"": 100, ""11"": 100, ""12"": 100, ""13"": 100, ""14"": 100, ""15"": 100}","{""1"": 989, ""2"": 338, ""3"": 129, ""4"": 42, ""5"": 11, ""6"": 8, ""8"": 1, ""9"": 1, ""15"": 2, ""17"": 3, ""18"": 25, ""19"": 29, ""20"": 11, ""21"": 5, ""22"": 2, ""23"": 1}"
random,12,dense,False,97,mixed,4137,1600,1597,3,1994,0,1331,750,412,438,3,1,19,25,9386d066fd0b356ed1a14f3984dd8686f2c649ca94f3d7d166b20b762d1565d3,"{""0"": 100, ""1"": 100, ""2"": 100, ""3"": 100, ""4"": 100, ""5"": 100, ""6"": 100, ""7"": 100, ""8"": 100, ""9"": 100, ""10"": 100, ""11"": 100, ""12"": 100, ""13"": 100, ""14"": 100, ""15"": 100}","{""1"": 998, ""2"": 335, ""3"": 135, ""4"": 33, ""5"": 10, ""6"": 5, ""7"": 1, ""8"": 2, ""9"": 1, ""14"": 1, ""16"": 1, ""17"": 4, ""18"": 33, ""19"": 23, ""20"": 10, ""21"": 3, ""24"": 1, ""25"": 1}"
saturation,12,dense,False,123,continuous,2004,2000,2000,0,0,0,1999,953,561,505,0,1,1,1,e30626838cb73082be268a79c653703d40743c892fbe6ac03385cfdf4735d5b7,"{""0"": 125, ""1"": 125, ""2"": 125, ""3"": 125, ""4"": 125, ""5"": 125, ""6"": 125, ""7"": 125, ""8"": 125, ""9"": 125, ""10"": 125, ""11"": 125, ""12"": 125, ""13"": 125, ""14"": 125, ""15"": 125}","{""1"": 2000}"
random,12,index,False,7,mixed,4188,1600,1598,2,2049,998,1323,301,441,414,2,1,20,22,1592ef26ed0989815a175497f624bd3f29667bf9c42350c5f96ebb60310ee1fb,"{""0"": 100, ""1"": 100, ""2"": 100, ""3"": 100, ""4"": 100, ""5"": 100, ""6"": 100, ""7"": 100, ""8"": 100, ""9"": 100, ""10"": 100, ""11"": 100, ""12"": 100, ""13"": 100, ""14"": 100, ""15"": 100}","{""1"": 978, ""2"": 373, ""3"": 112, ""4"": 38, ""5"": 11, ""6"": 3, ""7"": 4, ""8"": 1, ""15"": 1, ""16"": 1, ""17"": 7, ""18"": 28, ""19"": 19, ""20"": 13, ""21"": 3, ""22"": 6}"
random,12,index,False,31,mixed,4188,1600,1597,3,2050,998,1325,282,414,405,3,1,20,23,523a4e5ffc89ff2444e6fe8b1276b2a692c68741fed984dba5a4a78d65898605,"{""0"": 100, ""1"": 100, ""2"": 100, ""3"": 100, ""4"": 100, ""5"": 100, ""6"": 100, ""7"": 100, ""8"": 100, ""9"": 100, ""10"": 100, ""11"": 100, ""12"": 100, ""13"": 100, ""14"": 100, ""15"": 100}","{""1"": 989, ""2"": 338, ""3"": 129, ""4"": 42, ""5"": 11, ""6"": 8, ""8"": 1, ""9"": 1, ""15"": 2, ""17"": 3, ""18"": 25, ""19"": 29, ""20"": 11, ""21"": 5, ""22"": 2, ""23"": 1}"
random,12,index,False,97,mixed,4137,1600,1597,3,1994,997,1331,274,412,438,3,1,19,25,624806832f3ac5be9760138f9c5ea2538a3160c9e6cad040ed0ac2708dbb081d,"{""0"": 100, ""1"": 100, ""2"": 100, ""3"": 100, ""4"": 100, ""5"": 100, ""6"": 100, ""7"": 100, ""8"": 100, ""9"": 100, ""10"": 100, ""11"": 100, ""12"": 100, ""13"": 100, ""14"": 100, ""15"": 100}","{""1"": 998, ""2"": 335, ""3"": 135, ""4"": 33, ""5"": 10, ""6"": 5, ""7"": 1, ""8"": 2, ""9"": 1, ""14"": 1, ""16"": 1, ""17"": 4, ""18"": 33, ""19"": 23, ""20"": 10, ""21"": 3, ""24"": 1, ""25"": 1}"
saturation,12,index,False,123,continuous,2004,2000,2000,0,0,1250,1999,358,561,505,0,1,1,1,1101fd9dc03b76f47c205f3a801c7bb39084b85d5998c0f975cff9a4ba44fb3c,"{""0"": 125, ""1"": 125, ""2"": 125, ""3"": 125, ""4"": 125, ""5"": 125, ""6"": 125, ""7"": 125, ""8"": 125, ""9"": 125, ""10"": 125, ""11"": 125, ""12"": 125, ""13"": 125, ""14"": 125, ""15"": 125}","{""1"": 2000}"
random,12,code,False,7,mixed,4188,1600,1598,2,2049,400,1323,576,441,414,2,1,20,22,42c62f4d09367183d06b315eb0bcd4e9a5c1096973f49124c162c591a3a22c9d,"{""0"": 100, ""1"": 100, ""2"": 100, ""3"": 100, ""4"": 100, ""5"": 100, ""6"": 100, ""7"": 100, ""8"": 100, ""9"": 100, ""10"": 100, ""11"": 100, ""12"": 100, ""13"": 100, ""14"": 100, ""15"": 100}","{""1"": 978, ""2"": 373, ""3"": 112, ""4"": 38, ""5"": 11, ""6"": 3, ""7"": 4, ""8"": 1, ""15"": 1, ""16"": 1, ""17"": 7, ""18"": 28, ""19"": 19, ""20"": 13, ""21"": 3, ""22"": 6}"
random,12,code,False,31,mixed,4188,1600,1597,3,2050,398,1325,592,414,405,3,1,20,23,1ca52846bfa3d4577309a625c0b661386ce22e86e17c8002f5e1e6f86cb48868,"{""0"": 100, ""1"": 100, ""2"": 100, ""3"": 100, ""4"": 100, ""5"": 100, ""6"": 100, ""7"": 100, ""8"": 100, ""9"": 100, ""10"": 100, ""11"": 100, ""12"": 100, ""13"": 100, ""14"": 100, ""15"": 100}","{""1"": 989, ""2"": 338, ""3"": 129, ""4"": 42, ""5"": 11, ""6"": 8, ""8"": 1, ""9"": 1, ""15"": 2, ""17"": 3, ""18"": 25, ""19"": 29, ""20"": 11, ""21"": 5, ""22"": 2, ""23"": 1}"
random,12,code,False,97,mixed,4137,1600,1597,3,1994,399,1331,583,412,438,3,1,19,25,c6d8859cb20e985772bbaf09e38f8d1dedc1f9c562cc6af1c0a837b9d14e2496,"{""0"": 100, ""1"": 100, ""2"": 100, ""3"": 100, ""4"": 100, ""5"": 100, ""6"": 100, ""7"": 100, ""8"": 100, ""9"": 100, ""10"": 100, ""11"": 100, ""12"": 100, ""13"": 100, ""14"": 100, ""15"": 100}","{""1"": 998, ""2"": 335, ""3"": 135, ""4"": 33, ""5"": 10, ""6"": 5, ""7"": 1, ""8"": 2, ""9"": 1, ""14"": 1, ""16"": 1, ""17"": 4, ""18"": 33, ""19"": 23, ""20"": 10, ""21"": 3, ""24"": 1, ""25"": 1}"
saturation,12,code,False,123,continuous,2004,2000,2000,0,0,500,1999,736,561,505,0,1,1,1,dea00181e668451c7fc52b282d2ff0cd4dad5598450a166424b26c22fc11c491,"{""0"": 125, ""1"": 125, ""2"": 125, ""3"": 125, ""4"": 125, ""5"": 125, ""6"": 125, ""7"": 125, ""8"": 125, ""9"": 125, ""10"": 125, ""11"": 125, ""12"": 125, ""13"": 125, ""14"": 125, ""15"": 125}","{""1"": 2000}"
random,12,pair,False,7,mixed,4188,1600,1598,2,2049,0,1323,783,441,414,2,1,20,22,a5abccef3b38391edde400f06c2bda5f3c5604be78c126ce28384a45260c0aac,"{""0"": 100, ""1"": 100, ""2"": 100, ""3"": 100, ""4"": 100, ""5"": 100, ""6"": 100, ""7"": 100, ""8"": 100, ""9"": 100, ""10"": 100, ""11"": 100, ""12"": 100, ""13"": 100, ""14"": 100, ""15"": 100}","{""1"": 978, ""2"": 373, ""3"": 112, ""4"": 38, ""5"": 11, ""6"": 3, ""7"": 4, ""8"": 1, ""15"": 1, ""16"": 1, ""17"": 7, ""18"": 28, ""19"": 19, ""20"": 13, ""21"": 3, ""22"": 6}"
random,12,pair,False,31,mixed,4188,1600,1597,3,2050,0,1325,746,414,405,3,1,20,23,4c14a6d9770c1374a2f432ab8026347765ec2a851a1e60b033e8a97d9a130044,"{""0"": 100, ""1"": 100, ""2"": 100, ""3"": 100, ""4"": 100, ""5"": 100, ""6"": 100, ""7"": 100, ""8"": 100, ""9"": 100, ""10"": 100, ""11"": 100, ""12"": 100, ""13"": 100, ""14"": 100, ""15"": 100}","{""1"": 989, ""2"": 338, ""3"": 129, ""4"": 42, ""5"": 11, ""6"": 8, ""8"": 1, ""9"": 1, ""15"": 2, ""17"": 3, ""18"": 25, ""19"": 29, ""20"": 11, ""21"": 5, ""22"": 2, ""23"": 1}"
random,12,pair,False,97,mixed,4137,1600,1597,3,1994,0,1331,713,412,438,3,1,19,25,fffd56b3d59ccd2807d393feedce9166f03e01a008b695bb0cc2ae400477359a,"{""0"": 100, ""1"": 100, ""2"": 100, ""3"": 100, ""4"": 100, ""5"": 100, ""6"": 100, ""7"": 100, ""8"": 100, ""9"": 100, ""10"": 100, ""11"": 100, ""12"": 100, ""13"": 100, ""14"": 100, ""15"": 100}","{""1"": 998, ""2"": 335, ""3"": 135, ""4"": 33, ""5"": 10, ""6"": 5, ""7"": 1, ""8"": 2, ""9"": 1, ""14"": 1, ""16"": 1, ""17"": 4, ""18"": 33, ""19"": 23, ""20"": 10, ""21"": 3, ""24"": 1, ""25"": 1}"
saturation,12,pair,False,123,continuous,2004,2000,2000,0,0,0,1999,945,561,505,0,1,1,1,43d9a7586c08e13b30f40ad98261d86bbd8e189909cb0840e8ddd6b9bf52f828,"{""0"": 125, ""1"": 125, ""2"": 125, ""3"": 125, ""4"": 125, ""5"": 125, ""6"": 125, ""7"": 125, ""8"": 125, ""9"": 125, ""10"": 125, ""11"": 125, ""12"": 125, ""13"": 125, ""14"": 125, ""15"": 125}","{""1"": 2000}"
random,12,fixed,False,7,mixed,4188,1600,1598,2,2049,0,1323,747,441,414,2,1,20,22,c679d4dcb0d7de05bb7fc997151a19ba1ef6e9106c3abe6ba4bdb4d006578635,"{""0"": 100, ""1"": 100, ""2"": 100, ""3"": 100, ""4"": 100, ""5"": 100, ""6"": 100, ""7"": 100, ""8"": 100, ""9"": 100, ""10"": 100, ""11"": 100, ""12"": 100, ""13"": 100, ""14"": 100, ""15"": 100}","{""1"": 978, ""2"": 373, ""3"": 112, ""4"": 38, ""5"": 11, ""6"": 3, ""7"": 4, ""8"": 1, ""15"": 1, ""16"": 1, ""17"": 7, ""18"": 28, ""19"": 19, ""20"": 13, ""21"": 3, ""22"": 6}"
random,12,fixed,False,31,mixed,4188,1600,1597,3,2050,0,1325,760,414,405,3,1,20,23,1853c62eae7f6be0db89ecbb4e714939148443224aaef0d3db86734de8f99f95,"{""0"": 100, ""1"": 100, ""2"": 100, ""3"": 100, ""4"": 100, ""5"": 100, ""6"": 100, ""7"": 100, ""8"": 100, ""9"": 100, ""10"": 100, ""11"": 100, ""12"": 100, ""13"": 100, ""14"": 100, ""15"": 100}","{""1"": 989, ""2"": 338, ""3"": 129, ""4"": 42, ""5"": 11, ""6"": 8, ""8"": 1, ""9"": 1, ""15"": 2, ""17"": 3, ""18"": 25, ""19"": 29, ""20"": 11, ""21"": 5, ""22"": 2, ""23"": 1}"
random,12,fixed,False,97,mixed,4137,1600,1597,3,1994,0,1331,745,412,438,3,1,19,25,b0f2b1491517316b72277d38bc278ff0d49b4ea8b9a8a4d1d42c4432525250f7,"{""0"": 100, ""1"": 100, ""2"": 100, ""3"": 100, ""4"": 100, ""5"": 100, ""6"": 100, ""7"": 100, ""8"": 100, ""9"": 100, ""10"": 100, ""11"": 100, ""12"": 100, ""13"": 100, ""14"": 100, ""15"": 100}","{""1"": 998, ""2"": 335, ""3"": 135, ""4"": 33, ""5"": 10, ""6"": 5, ""7"": 1, ""8"": 2, ""9"": 1, ""14"": 1, ""16"": 1, ""17"": 4, ""18"": 33, ""19"": 23, ""20"": 10, ""21"": 3, ""24"": 1, ""25"": 1}"
saturation,12,fixed,False,123,continuous,2004,2000,2000,0,0,0,1999,949,561,505,0,1,1,1,c321b08300ace4c40d3a4f5d65b66bc17da4b047e7271ce2e9fc0e77cd532873,"{""0"": 125, ""1"": 125, ""2"": 125, ""3"": 125, ""4"": 125, ""5"": 125, ""6"": 125, ""7"": 125, ""8"": 125, ""9"": 125, ""10"": 125, ""11"": 125, ""12"": 125, ""13"": 125, ""14"": 125, ""15"": 125}","{""1"": 2000}"
netlist_random,2,dense,True,211,mixed,2087,800,797,3,1012,0,660,273,726,966,3,1,20,28,6dfeff0563a70040c4d1a1bad950a98b49f16ab78fba575d3d2f9462beeb9ded,"{""0"": 50, ""1"": 50, ""2"": 50, ""3"": 50, ""4"": 50, ""5"": 50, ""6"": 50, ""7"": 50, ""8"": 50, ""9"": 50, ""10"": 50, ""11"": 50, ""12"": 50, ""13"": 50, ""14"": 50, ""15"": 50}","{""1"": 510, ""2"": 159, ""3"": 61, ""4"": 22, ""5"": 4, ""7"": 1, ""8"": 1, ""15"": 1, ""16"": 1, ""17"": 2, ""18"": 13, ""19"": 13, ""20"": 2, ""21"": 4, ""22"": 2, ""28"": 1}"
netlist_random,2,index,True,211,mixed,2087,800,797,3,1012,497,660,98,726,966,3,1,20,28,a746fb08ae4e5ac5984508d7d104eaa265fbe67cd70119e315ecd48b5b609ddf,"{""0"": 50, ""1"": 50, ""2"": 50, ""3"": 50, ""4"": 50, ""5"": 50, ""6"": 50, ""7"": 50, ""8"": 50, ""9"": 50, ""10"": 50, ""11"": 50, ""12"": 50, ""13"": 50, ""14"": 50, ""15"": 50}","{""1"": 510, ""2"": 159, ""3"": 61, ""4"": 22, ""5"": 4, ""7"": 1, ""8"": 1, ""15"": 1, ""16"": 1, ""17"": 2, ""18"": 13, ""19"": 13, ""20"": 2, ""21"": 4, ""22"": 2, ""28"": 1}"
netlist_random,2,code,True,211,mixed,2087,800,797,3,1012,199,660,208,726,966,3,1,20,28,04583b68c720c871c5a51cd007936947cf4a9a6f190a73cfddba8362310e836e,"{""0"": 50, ""1"": 50, ""2"": 50, ""3"": 50, ""4"": 50, ""5"": 50, ""6"": 50, ""7"": 50, ""8"": 50, ""9"": 50, ""10"": 50, ""11"": 50, ""12"": 50, ""13"": 50, ""14"": 50, ""15"": 50}","{""1"": 510, ""2"": 159, ""3"": 61, ""4"": 22, ""5"": 4, ""7"": 1, ""8"": 1, ""15"": 1, ""16"": 1, ""17"": 2, ""18"": 13, ""19"": 13, ""20"": 2, ""21"": 4, ""22"": 2, ""28"": 1}"
netlist_random,2,pair,True,211,mixed,2087,800,797,3,1012,0,660,277,726,966,3,1,20,28,6a3ab9b25eaf33d90135e17bf15ccefd75d2491d07f436568e8af1dbfe507453,"{""0"": 50, ""1"": 50, ""2"": 50, ""3"": 50, ""4"": 50, ""5"": 50, ""6"": 50, ""7"": 50, ""8"": 50, ""9"": 50, ""10"": 50, ""11"": 50, ""12"": 50, ""13"": 50, ""14"": 50, ""15"": 50}","{""1"": 510, ""2"": 159, ""3"": 61, ""4"": 22, ""5"": 4, ""7"": 1, ""8"": 1, ""15"": 1, ""16"": 1, ""17"": 2, ""18"": 13, ""19"": 13, ""20"": 2, ""21"": 4, ""22"": 2, ""28"": 1}"
netlist_random,2,fixed,True,211,mixed,2087,800,797,3,1012,0,660,276,726,966,3,1,20,28,aaeeb6bcd360e49ba1a75f39ccff5c7408f332a8609a10634cba830567aed818,"{""0"": 50, ""1"": 50, ""2"": 50, ""3"": 50, ""4"": 50, ""5"": 50, ""6"": 50, ""7"": 50, ""8"": 50, ""9"": 50, ""10"": 50, ""11"": 50, ""12"": 50, ""13"": 50, ""14"": 50, ""15"": 50}","{""1"": 510, ""2"": 159, ""3"": 61, ""4"": 22, ""5"": 4, ""7"": 1, ""8"": 1, ""15"": 1, ""16"": 1, ""17"": 2, ""18"": 13, ""19"": 13, ""20"": 2, ""21"": 4, ""22"": 2, ""28"": 1}"
netlist_random,4,dense,True,211,mixed,2087,800,797,3,1012,0,660,373,336,340,3,1,20,28,0d58bc88757a296abc7c3f82484045bcf259cc589375d8dc5d8efcfdc94ada8a,"{""0"": 50, ""1"": 50, ""2"": 50, ""3"": 50, ""4"": 50, ""5"": 50, ""6"": 50, ""7"": 50, ""8"": 50, ""9"": 50, ""10"": 50, ""11"": 50, ""12"": 50, ""13"": 50, ""14"": 50, ""15"": 50}","{""1"": 510, ""2"": 159, ""3"": 61, ""4"": 22, ""5"": 4, ""7"": 1, ""8"": 1, ""15"": 1, ""16"": 1, ""17"": 2, ""18"": 13, ""19"": 13, ""20"": 2, ""21"": 4, ""22"": 2, ""28"": 1}"
netlist_random,4,index,True,211,mixed,2087,800,797,3,1012,497,660,141,336,340,3,1,20,28,71d48fb5ddfbbf1092a74d26d8c009691927d110803dd4776ca158a8e67fe945,"{""0"": 50, ""1"": 50, ""2"": 50, ""3"": 50, ""4"": 50, ""5"": 50, ""6"": 50, ""7"": 50, ""8"": 50, ""9"": 50, ""10"": 50, ""11"": 50, ""12"": 50, ""13"": 50, ""14"": 50, ""15"": 50}","{""1"": 510, ""2"": 159, ""3"": 61, ""4"": 22, ""5"": 4, ""7"": 1, ""8"": 1, ""15"": 1, ""16"": 1, ""17"": 2, ""18"": 13, ""19"": 13, ""20"": 2, ""21"": 4, ""22"": 2, ""28"": 1}"
netlist_random,4,code,True,211,mixed,2087,800,797,3,1012,199,660,282,336,340,3,1,20,28,f5fc7112ad49d3cb8b1a4a9f91682ce4f2d7b0f414fd0ac60f9618ded2cc6407,"{""0"": 50, ""1"": 50, ""2"": 50, ""3"": 50, ""4"": 50, ""5"": 50, ""6"": 50, ""7"": 50, ""8"": 50, ""9"": 50, ""10"": 50, ""11"": 50, ""12"": 50, ""13"": 50, ""14"": 50, ""15"": 50}","{""1"": 510, ""2"": 159, ""3"": 61, ""4"": 22, ""5"": 4, ""7"": 1, ""8"": 1, ""15"": 1, ""16"": 1, ""17"": 2, ""18"": 13, ""19"": 13, ""20"": 2, ""21"": 4, ""22"": 2, ""28"": 1}"
netlist_random,4,pair,True,211,mixed,2087,800,797,3,1012,0,660,384,336,340,3,1,20,28,f3725d94bbe31e8828637d80357e5029e9460db6b23616ce8281557ba82368e5,"{""0"": 50, ""1"": 50, ""2"": 50, ""3"": 50, ""4"": 50, ""5"": 50, ""6"": 50, ""7"": 50, ""8"": 50, ""9"": 50, ""10"": 50, ""11"": 50, ""12"": 50, ""13"": 50, ""14"": 50, ""15"": 50}","{""1"": 510, ""2"": 159, ""3"": 61, ""4"": 22, ""5"": 4, ""7"": 1, ""8"": 1, ""15"": 1, ""16"": 1, ""17"": 2, ""18"": 13, ""19"": 13, ""20"": 2, ""21"": 4, ""22"": 2, ""28"": 1}"
netlist_random,4,fixed,True,211,mixed,2087,800,797,3,1012,0,660,380,336,340,3,1,20,28,1257601196ac21ce4e4affe5e751d99cee5d16b75e658e56a16e3b2f628f6999,"{""0"": 50, ""1"": 50, ""2"": 50, ""3"": 50, ""4"": 50, ""5"": 50, ""6"": 50, ""7"": 50, ""8"": 50, ""9"": 50, ""10"": 50, ""11"": 50, ""12"": 50, ""13"": 50, ""14"": 50, ""15"": 50}","{""1"": 510, ""2"": 159, ""3"": 61, ""4"": 22, ""5"": 4, ""7"": 1, ""8"": 1, ""15"": 1, ""16"": 1, ""17"": 2, ""18"": 13, ""19"": 13, ""20"": 2, ""21"": 4, ""22"": 2, ""28"": 1}"
netlist_random,6,dense,True,211,mixed,2087,800,797,3,1012,0,660,388,246,247,3,1,20,28,be652b0659fa8e89fbd451523eb7df3588cbe28113dff71c271e9b618c2a8b4b,"{""0"": 50, ""1"": 50, ""2"": 50, ""3"": 50, ""4"": 50, ""5"": 50, ""6"": 50, ""7"": 50, ""8"": 50, ""9"": 50, ""10"": 50, ""11"": 50, ""12"": 50, ""13"": 50, ""14"": 50, ""15"": 50}","{""1"": 510, ""2"": 159, ""3"": 61, ""4"": 22, ""5"": 4, ""7"": 1, ""8"": 1, ""15"": 1, ""16"": 1, ""17"": 2, ""18"": 13, ""19"": 13, ""20"": 2, ""21"": 4, ""22"": 2, ""28"": 1}"
netlist_random,6,index,True,211,mixed,2087,800,797,3,1012,497,660,138,246,247,3,1,20,28,53273adb47fed1613fa36233e7ebc20a6e2634e00d0af12f651c4c4f316b343b,"{""0"": 50, ""1"": 50, ""2"": 50, ""3"": 50, ""4"": 50, ""5"": 50, ""6"": 50, ""7"": 50, ""8"": 50, ""9"": 50, ""10"": 50, ""11"": 50, ""12"": 50, ""13"": 50, ""14"": 50, ""15"": 50}","{""1"": 510, ""2"": 159, ""3"": 61, ""4"": 22, ""5"": 4, ""7"": 1, ""8"": 1, ""15"": 1, ""16"": 1, ""17"": 2, ""18"": 13, ""19"": 13, ""20"": 2, ""21"": 4, ""22"": 2, ""28"": 1}"
netlist_random,6,code,True,211,mixed,2087,800,797,3,1012,199,660,294,246,247,3,1,20,28,a01b0b559f14764512232e77be09f9eb40ed82e07bdffb3176512368781ae316,"{""0"": 50, ""1"": 50, ""2"": 50, ""3"": 50, ""4"": 50, ""5"": 50, ""6"": 50, ""7"": 50, ""8"": 50, ""9"": 50, ""10"": 50, ""11"": 50, ""12"": 50, ""13"": 50, ""14"": 50, ""15"": 50}","{""1"": 510, ""2"": 159, ""3"": 61, ""4"": 22, ""5"": 4, ""7"": 1, ""8"": 1, ""15"": 1, ""16"": 1, ""17"": 2, ""18"": 13, ""19"": 13, ""20"": 2, ""21"": 4, ""22"": 2, ""28"": 1}"
netlist_random,6,pair,True,211,mixed,2087,800,797,3,1012,0,660,390,246,247,3,1,20,28,bb54cbf7da37d05cd92aad9b75d1ead7e6e0617f43075c50d3c6d48d264e2c44,"{""0"": 50, ""1"": 50, ""2"": 50, ""3"": 50, ""4"": 50, ""5"": 50, ""6"": 50, ""7"": 50, ""8"": 50, ""9"": 50, ""10"": 50, ""11"": 50, ""12"": 50, ""13"": 50, ""14"": 50, ""15"": 50}","{""1"": 510, ""2"": 159, ""3"": 61, ""4"": 22, ""5"": 4, ""7"": 1, ""8"": 1, ""15"": 1, ""16"": 1, ""17"": 2, ""18"": 13, ""19"": 13, ""20"": 2, ""21"": 4, ""22"": 2, ""28"": 1}"
netlist_random,6,fixed,True,211,mixed,2087,800,797,3,1012,0,660,384,246,247,3,1,20,28,b76d2100cec49217f0d4be8e4c318e937afb78177d72ff47143a119b24e75050,"{""0"": 50, ""1"": 50, ""2"": 50, ""3"": 50, ""4"": 50, ""5"": 50, ""6"": 50, ""7"": 50, ""8"": 50, ""9"": 50, ""10"": 50, ""11"": 50, ""12"": 50, ""13"": 50, ""14"": 50, ""15"": 50}","{""1"": 510, ""2"": 159, ""3"": 61, ""4"": 22, ""5"": 4, ""7"": 1, ""8"": 1, ""15"": 1, ""16"": 1, ""17"": 2, ""18"": 13, ""19"": 13, ""20"": 2, ""21"": 4, ""22"": 2, ""28"": 1}"
netlist_random,8,dense,True,211,mixed,2087,800,797,3,1012,0,660,389,222,221,3,1,20,28,619a2f9b1719795b46b3e5bb88948558948aa9d570e989c22ca0f86f196ea5b6,"{""0"": 50, ""1"": 50, ""2"": 50, ""3"": 50, ""4"": 50, ""5"": 50, ""6"": 50, ""7"": 50, ""8"": 50, ""9"": 50, ""10"": 50, ""11"": 50, ""12"": 50, ""13"": 50, ""14"": 50, ""15"": 50}","{""1"": 510, ""2"": 159, ""3"": 61, ""4"": 22, ""5"": 4, ""7"": 1, ""8"": 1, ""15"": 1, ""16"": 1, ""17"": 2, ""18"": 13, ""19"": 13, ""20"": 2, ""21"": 4, ""22"": 2, ""28"": 1}"
netlist_random,8,index,True,211,mixed,2087,800,797,3,1012,497,660,141,222,221,3,1,20,28,ddd4de4d6cfef7569abb1edc4d2dd6b31714486a7c02942f02f3429fb5b1dfd0,"{""0"": 50, ""1"": 50, ""2"": 50, ""3"": 50, ""4"": 50, ""5"": 50, ""6"": 50, ""7"": 50, ""8"": 50, ""9"": 50, ""10"": 50, ""11"": 50, ""12"": 50, ""13"": 50, ""14"": 50, ""15"": 50}","{""1"": 510, ""2"": 159, ""3"": 61, ""4"": 22, ""5"": 4, ""7"": 1, ""8"": 1, ""15"": 1, ""16"": 1, ""17"": 2, ""18"": 13, ""19"": 13, ""20"": 2, ""21"": 4, ""22"": 2, ""28"": 1}"
netlist_random,8,code,True,211,mixed,2087,800,797,3,1012,199,660,294,222,221,3,1,20,28,039fb100fbd25f0879ae1dd62abb46ad725aa5bf9be0e5f3f5e094017da86457,"{""0"": 50, ""1"": 50, ""2"": 50, ""3"": 50, ""4"": 50, ""5"": 50, ""6"": 50, ""7"": 50, ""8"": 50, ""9"": 50, ""10"": 50, ""11"": 50, ""12"": 50, ""13"": 50, ""14"": 50, ""15"": 50}","{""1"": 510, ""2"": 159, ""3"": 61, ""4"": 22, ""5"": 4, ""7"": 1, ""8"": 1, ""15"": 1, ""16"": 1, ""17"": 2, ""18"": 13, ""19"": 13, ""20"": 2, ""21"": 4, ""22"": 2, ""28"": 1}"
netlist_random,8,pair,True,211,mixed,2087,800,797,3,1012,0,660,389,222,221,3,1,20,28,55b3d81c0e44075103565d44520b87e06159e8c15e3118bbc11bc5275099d367,"{""0"": 50, ""1"": 50, ""2"": 50, ""3"": 50, ""4"": 50, ""5"": 50, ""6"": 50, ""7"": 50, ""8"": 50, ""9"": 50, ""10"": 50, ""11"": 50, ""12"": 50, ""13"": 50, ""14"": 50, ""15"": 50}","{""1"": 510, ""2"": 159, ""3"": 61, ""4"": 22, ""5"": 4, ""7"": 1, ""8"": 1, ""15"": 1, ""16"": 1, ""17"": 2, ""18"": 13, ""19"": 13, ""20"": 2, ""21"": 4, ""22"": 2, ""28"": 1}"
netlist_random,8,fixed,True,211,mixed,2087,800,797,3,1012,0,660,386,222,221,3,1,20,28,ad9d7f806ff9fd403b6e785f4ece090e34362cf81489ce1b4ee2e475c969cb3d,"{""0"": 50, ""1"": 50, ""2"": 50, ""3"": 50, ""4"": 50, ""5"": 50, ""6"": 50, ""7"": 50, ""8"": 50, ""9"": 50, ""10"": 50, ""11"": 50, ""12"": 50, ""13"": 50, ""14"": 50, ""15"": 50}","{""1"": 510, ""2"": 159, ""3"": 61, ""4"": 22, ""5"": 4, ""7"": 1, ""8"": 1, ""15"": 1, ""16"": 1, ""17"": 2, ""18"": 13, ""19"": 13, ""20"": 2, ""21"": 4, ""22"": 2, ""28"": 1}"
netlist_random,12,dense,True,211,mixed,2087,800,797,3,1012,0,660,389,213,215,3,1,20,28,716d8d5db32b8dcc20471408283afdad53f8e91775695db283b16eb42e71cb2e,"{""0"": 50, ""1"": 50, ""2"": 50, ""3"": 50, ""4"": 50, ""5"": 50, ""6"": 50, ""7"": 50, ""8"": 50, ""9"": 50, ""10"": 50, ""11"": 50, ""12"": 50, ""13"": 50, ""14"": 50, ""15"": 50}","{""1"": 510, ""2"": 159, ""3"": 61, ""4"": 22, ""5"": 4, ""7"": 1, ""8"": 1, ""15"": 1, ""16"": 1, ""17"": 2, ""18"": 13, ""19"": 13, ""20"": 2, ""21"": 4, ""22"": 2, ""28"": 1}"
netlist_random,12,index,True,211,mixed,2087,800,797,3,1012,497,660,141,213,215,3,1,20,28,7c0a68a7a57e26b3e7a4df2dd5451b4dd2b5777f2267afca292752dcbacf6489,"{""0"": 50, ""1"": 50, ""2"": 50, ""3"": 50, ""4"": 50, ""5"": 50, ""6"": 50, ""7"": 50, ""8"": 50, ""9"": 50, ""10"": 50, ""11"": 50, ""12"": 50, ""13"": 50, ""14"": 50, ""15"": 50}","{""1"": 510, ""2"": 159, ""3"": 61, ""4"": 22, ""5"": 4, ""7"": 1, ""8"": 1, ""15"": 1, ""16"": 1, ""17"": 2, ""18"": 13, ""19"": 13, ""20"": 2, ""21"": 4, ""22"": 2, ""28"": 1}"
netlist_random,12,code,True,211,mixed,2087,800,797,3,1012,199,660,294,213,215,3,1,20,28,ef2418170c01f448c80dc09647375cbd8b8a54287e9189e262bf462b50803d02,"{""0"": 50, ""1"": 50, ""2"": 50, ""3"": 50, ""4"": 50, ""5"": 50, ""6"": 50, ""7"": 50, ""8"": 50, ""9"": 50, ""10"": 50, ""11"": 50, ""12"": 50, ""13"": 50, ""14"": 50, ""15"": 50}","{""1"": 510, ""2"": 159, ""3"": 61, ""4"": 22, ""5"": 4, ""7"": 1, ""8"": 1, ""15"": 1, ""16"": 1, ""17"": 2, ""18"": 13, ""19"": 13, ""20"": 2, ""21"": 4, ""22"": 2, ""28"": 1}"
netlist_random,12,pair,True,211,mixed,2087,800,797,3,1012,0,660,389,213,215,3,1,20,28,56427769bbd60dbea6dbaa3ed6ac0e7ec567f2555bdd1d5df6aef783ba94e1d4,"{""0"": 50, ""1"": 50, ""2"": 50, ""3"": 50, ""4"": 50, ""5"": 50, ""6"": 50, ""7"": 50, ""8"": 50, ""9"": 50, ""10"": 50, ""11"": 50, ""12"": 50, ""13"": 50, ""14"": 50, ""15"": 50}","{""1"": 510, ""2"": 159, ""3"": 61, ""4"": 22, ""5"": 4, ""7"": 1, ""8"": 1, ""15"": 1, ""16"": 1, ""17"": 2, ""18"": 13, ""19"": 13, ""20"": 2, ""21"": 4, ""22"": 2, ""28"": 1}"
netlist_random,12,fixed,True,211,mixed,2087,800,797,3,1012,0,660,386,213,215,3,1,20,28,61ee2a7ffe86588a36ad3ee62dc631f16317ed65a2aae45d5f6940862d2a531e,"{""0"": 50, ""1"": 50, ""2"": 50, ""3"": 50, ""4"": 50, ""5"": 50, ""6"": 50, ""7"": 50, ""8"": 50, ""9"": 50, ""10"": 50, ""11"": 50, ""12"": 50, ""13"": 50, ""14"": 50, ""15"": 50}","{""1"": 510, ""2"": 159, ""3"": 61, ""4"": 22, ""5"": 4, ""7"": 1, ""8"": 1, ""15"": 1, ""16"": 1, ""17"": 2, ""18"": 13, ""19"": 13, ""20"": 2, ""21"": 4, ""22"": 2, ""28"": 1}"
mapped_random,4,dense,True,317,mixed,2044,800,797,3,1000,0,688,367,369,349,3,1,20,22,1bdace382474534f966be810a884b6e59c5304e68700844e90915759a5bc365b,"{""0"": 50, ""1"": 50, ""2"": 50, ""3"": 50, ""4"": 50, ""5"": 50, ""6"": 50, ""7"": 50, ""8"": 50, ""9"": 50, ""10"": 50, ""11"": 50, ""12"": 50, ""13"": 50, ""14"": 50, ""15"": 50}","{""1"": 491, ""2"": 180, ""3"": 62, ""4"": 15, ""5"": 7, ""6"": 2, ""8"": 2, ""15"": 1, ""16"": 1, ""17"": 2, ""18"": 13, ""19"": 12, ""20"": 8, ""22"": 1}"
mapped_random,4,index,True,317,mixed,2044,800,797,3,1000,498,688,137,369,349,3,1,20,22,45f51b447e68f664ccc86f5d256dbbde0fda5ca109126c49f22a6f0e57283ede,"{""0"": 50, ""1"": 50, ""2"": 50, ""3"": 50, ""4"": 50, ""5"": 50, ""6"": 50, ""7"": 50, ""8"": 50, ""9"": 50, ""10"": 50, ""11"": 50, ""12"": 50, ""13"": 50, ""14"": 50, ""15"": 50}","{""1"": 491, ""2"": 180, ""3"": 62, ""4"": 15, ""5"": 7, ""6"": 2, ""8"": 2, ""15"": 1, ""16"": 1, ""17"": 2, ""18"": 13, ""19"": 12, ""20"": 8, ""22"": 1}"
mapped_random,4,code,True,317,mixed,2044,800,797,3,1000,200,688,271,369,349,3,1,20,22,488ecb7bc3d35450d553c80de1c7baeea872b6a890314459ed217276b8cc1505,"{""0"": 50, ""1"": 50, ""2"": 50, ""3"": 50, ""4"": 50, ""5"": 50, ""6"": 50, ""7"": 50, ""8"": 50, ""9"": 50, ""10"": 50, ""11"": 50, ""12"": 50, ""13"": 50, ""14"": 50, ""15"": 50}","{""1"": 491, ""2"": 180, ""3"": 62, ""4"": 15, ""5"": 7, ""6"": 2, ""8"": 2, ""15"": 1, ""16"": 1, ""17"": 2, ""18"": 13, ""19"": 12, ""20"": 8, ""22"": 1}"
mapped_random,4,pair,True,317,mixed,2044,800,797,3,1000,0,688,356,369,349,3,1,20,22,d61fdad08ea278eeb92fe123024335db2aa221773b261642d30fac5296a02364,"{""0"": 50, ""1"": 50, ""2"": 50, ""3"": 50, ""4"": 50, ""5"": 50, ""6"": 50, ""7"": 50, ""8"": 50, ""9"": 50, ""10"": 50, ""11"": 50, ""12"": 50, ""13"": 50, ""14"": 50, ""15"": 50}","{""1"": 491, ""2"": 180, ""3"": 62, ""4"": 15, ""5"": 7, ""6"": 2, ""8"": 2, ""15"": 1, ""16"": 1, ""17"": 2, ""18"": 13, ""19"": 12, ""20"": 8, ""22"": 1}"
mapped_random,4,fixed,True,317,mixed,2044,800,797,3,1000,0,688,360,369,349,3,1,20,22,ef20b4faf9463e60a6aa81cde52e02e21fc9222e423474cdff2d51ba71623eaf,"{""0"": 50, ""1"": 50, ""2"": 50, ""3"": 50, ""4"": 50, ""5"": 50, ""6"": 50, ""7"": 50, ""8"": 50, ""9"": 50, ""10"": 50, ""11"": 50, ""12"": 50, ""13"": 50, ""14"": 50, ""15"": 50}","{""1"": 491, ""2"": 180, ""3"": 62, ""4"": 15, ""5"": 7, ""6"": 2, ""8"": 2, ""15"": 1, ""16"": 1, ""17"": 2, ""18"": 13, ""19"": 12, ""20"": 8, ""22"": 1}"
mapped_random,8,dense,True,317,mixed,2044,800,797,3,1000,0,688,367,234,222,3,1,20,22,bd26b96baeec65a111fa7d5dbecb1c7d1f1e6cbf8c5d66ea8b066396c0e96af6,"{""0"": 50, ""1"": 50, ""2"": 50, ""3"": 50, ""4"": 50, ""5"": 50, ""6"": 50, ""7"": 50, ""8"": 50, ""9"": 50, ""10"": 50, ""11"": 50, ""12"": 50, ""13"": 50, ""14"": 50, ""15"": 50}","{""1"": 491, ""2"": 180, ""3"": 62, ""4"": 15, ""5"": 7, ""6"": 2, ""8"": 2, ""15"": 1, ""16"": 1, ""17"": 2, ""18"": 13, ""19"": 12, ""20"": 8, ""22"": 1}"
mapped_random,8,index,True,317,mixed,2044,800,797,3,1000,498,688,147,234,222,3,1,20,22,7980ee46b8eacc0a79602765d5081509c8f3a2eb18958ad4c2a05da803d4a067,"{""0"": 50, ""1"": 50, ""2"": 50, ""3"": 50, ""4"": 50, ""5"": 50, ""6"": 50, ""7"": 50, ""8"": 50, ""9"": 50, ""10"": 50, ""11"": 50, ""12"": 50, ""13"": 50, ""14"": 50, ""15"": 50}","{""1"": 491, ""2"": 180, ""3"": 62, ""4"": 15, ""5"": 7, ""6"": 2, ""8"": 2, ""15"": 1, ""16"": 1, ""17"": 2, ""18"": 13, ""19"": 12, ""20"": 8, ""22"": 1}"
mapped_random,8,code,True,317,mixed,2044,800,797,3,1000,200,688,277,234,222,3,1,20,22,84e9413a4c5474a4f732e6d2989b3ffa29a58ccdf2f2d5edeb09c49b69992a2c,"{""0"": 50, ""1"": 50, ""2"": 50, ""3"": 50, ""4"": 50, ""5"": 50, ""6"": 50, ""7"": 50, ""8"": 50, ""9"": 50, ""10"": 50, ""11"": 50, ""12"": 50, ""13"": 50, ""14"": 50, ""15"": 50}","{""1"": 491, ""2"": 180, ""3"": 62, ""4"": 15, ""5"": 7, ""6"": 2, ""8"": 2, ""15"": 1, ""16"": 1, ""17"": 2, ""18"": 13, ""19"": 12, ""20"": 8, ""22"": 1}"
mapped_random,8,pair,True,317,mixed,2044,800,797,3,1000,0,688,371,234,222,3,1,20,22,40956a6deba5cb33ec86618d457351003c3f02a30e65f0bb4953d1f8d048c3dc,"{""0"": 50, ""1"": 50, ""2"": 50, ""3"": 50, ""4"": 50, ""5"": 50, ""6"": 50, ""7"": 50, ""8"": 50, ""9"": 50, ""10"": 50, ""11"": 50, ""12"": 50, ""13"": 50, ""14"": 50, ""15"": 50}","{""1"": 491, ""2"": 180, ""3"": 62, ""4"": 15, ""5"": 7, ""6"": 2, ""8"": 2, ""15"": 1, ""16"": 1, ""17"": 2, ""18"": 13, ""19"": 12, ""20"": 8, ""22"": 1}"
mapped_random,8,fixed,True,317,mixed,2044,800,797,3,1000,0,688,372,234,222,3,1,20,22,c564c61a86deb6712f28f8775af16086419e588aba8e84efb044f77dac59db29,"{""0"": 50, ""1"": 50, ""2"": 50, ""3"": 50, ""4"": 50, ""5"": 50, ""6"": 50, ""7"": 50, ""8"": 50, ""9"": 50, ""10"": 50, ""11"": 50, ""12"": 50, ""13"": 50, ""14"": 50, ""15"": 50}","{""1"": 491, ""2"": 180, ""3"": 62, ""4"": 15, ""5"": 7, ""6"": 2, ""8"": 2, ""15"": 1, ""16"": 1, ""17"": 2, ""18"": 13, ""19"": 12, ""20"": 8, ""22"": 1}"
digits_replay,4,dense,False,7,continuous,57604,57600,57600,0,0,0,57599,23317,0,29630,0,1,1,1,a79f6a4c159fa2cc1f91972f95ebb3bd3a2c0fcea78460dfa47400374b0a3e2f,"{""0"": 57600, ""1"": 0, ""2"": 0, ""3"": 0, ""4"": 0, ""5"": 0, ""6"": 0, ""7"": 0, ""8"": 0, ""9"": 0, ""10"": 0, ""11"": 0, ""12"": 0, ""13"": 0, ""14"": 0, ""15"": 0}","{""1"": 57600}"
digits_replay,4,index,False,7,continuous,57604,57600,57600,0,0,0,57599,23135,0,29630,0,1,1,1,f9859ce339dec207e7a51969acf0e43fc23c2c0111a5524e04330b96889b06aa,"{""0"": 0, ""1"": 0, ""2"": 0, ""3"": 0, ""4"": 11520, ""5"": 0, ""6"": 0, ""7"": 0, ""8"": 6840, ""9"": 16560, ""10"": 0, ""11"": 0, ""12"": 360, ""13"": 1800, ""14"": 20520, ""15"": 0}","{""1"": 57600}"
digits_replay,4,code,False,7,continuous,57604,57600,57600,0,0,0,57599,23135,0,29630,0,1,1,1,0deeaf8d1db16a2dec46e445b973c7d85dd1011bc7db3042f80e9c0a94c8b8be,"{""0"": 11520, ""1"": 6840, ""2"": 360, ""3"": 16560, ""4"": 1800, ""5"": 20520, ""6"": 0, ""7"": 0, ""8"": 0, ""9"": 0, ""10"": 0, ""11"": 0, ""12"": 0, ""13"": 0, ""14"": 0, ""15"": 0}","{""1"": 57600}"
digits_replay,4,pair,False,7,continuous,57604,57600,57600,0,0,0,57599,21809,0,29630,0,1,1,1,64e3bb0b4a66c2d43922673862da357c7f241522eb56a07956fefd35d9f9ce2f,"{""0"": 11160, ""1"": 32760, ""2"": 1080, ""3"": 12600, ""4"": 0, ""5"": 0, ""6"": 0, ""7"": 0, ""8"": 0, ""9"": 0, ""10"": 0, ""11"": 0, ""12"": 0, ""13"": 0, ""14"": 0, ""15"": 0}","{""1"": 57600}"
digits_replay,4,fixed,False,7,continuous,57604,57600,57600,0,0,0,57599,19844,0,29630,0,1,1,1,6b18ceac79a54adef85e1fb3fa0b7e3c5bcbe9230039fda409c6a8aefba9d7d2,"{""0"": 57600, ""1"": 0, ""2"": 0, ""3"": 0, ""4"": 0, ""5"": 0, ""6"": 0, ""7"": 0, ""8"": 0, ""9"": 0, ""10"": 0, ""11"": 0, ""12"": 0, ""13"": 0, ""14"": 0, ""15"": 0}","{""1"": 57600}"
digits_replay,8,dense,False,7,continuous,57604,57600,57600,0,0,0,57599,24371,0,20630,0,1,1,1,a1ea491dd98271928a29c3b0c446b0fa6cfeb90400be15df70b880275afc6b13,"{""0"": 57600, ""1"": 0, ""2"": 0, ""3"": 0, ""4"": 0, ""5"": 0, ""6"": 0, ""7"": 0, ""8"": 0, ""9"": 0, ""10"": 0, ""11"": 0, ""12"": 0, ""13"": 0, ""14"": 0, ""15"": 0}","{""1"": 57600}"
digits_replay,8,index,False,7,continuous,57604,57600,57600,0,0,0,57599,23993,0,20630,0,1,1,1,64514c5dc64b5adb3515c0448cde6e0ff6bd3390b9a304324678451660a6af93,"{""0"": 0, ""1"": 0, ""2"": 0, ""3"": 0, ""4"": 11520, ""5"": 0, ""6"": 0, ""7"": 0, ""8"": 6840, ""9"": 16560, ""10"": 0, ""11"": 0, ""12"": 360, ""13"": 1800, ""14"": 20520, ""15"": 0}","{""1"": 57600}"
digits_replay,8,code,False,7,continuous,57604,57600,57600,0,0,0,57599,23993,0,20630,0,1,1,1,b0fefa2647eb947ded7235023dca83e55d4166a4669538f8e715c805c1fdc5b0,"{""0"": 11520, ""1"": 6840, ""2"": 360, ""3"": 16560, ""4"": 1800, ""5"": 20520, ""6"": 0, ""7"": 0, ""8"": 0, ""9"": 0, ""10"": 0, ""11"": 0, ""12"": 0, ""13"": 0, ""14"": 0, ""15"": 0}","{""1"": 57600}"
digits_replay,8,pair,False,7,continuous,57604,57600,57600,0,0,0,57599,23831,0,20630,0,1,1,1,8ea8d1b29d6e7df8f628fe4e6255418c28ce06978146e644c2f268a282e67c0e,"{""0"": 11160, ""1"": 32760, ""2"": 1080, ""3"": 12600, ""4"": 0, ""5"": 0, ""6"": 0, ""7"": 0, ""8"": 0, ""9"": 0, ""10"": 0, ""11"": 0, ""12"": 0, ""13"": 0, ""14"": 0, ""15"": 0}","{""1"": 57600}"
digits_replay,8,fixed,False,7,continuous,57604,57600,57600,0,0,0,57599,23589,0,20630,0,1,1,1,61aef5398375f2da79dafbf378a47dd70c6ac118a305b2b72b969187c1712b11,"{""0"": 57600, ""1"": 0, ""2"": 0, ""3"": 0, ""4"": 0, ""5"": 0, ""6"": 0, ""7"": 0, ""8"": 0, ""9"": 0, ""10"": 0, ""11"": 0, ""12"": 0, ""13"": 0, ""14"": 0, ""15"": 0}","{""1"": 57600}"
