seed,stage,epoch,train_loss,validation_loss
7,dense_initial,10,1.5269485832826686,1.5431458427358178
7,dense_initial,20,1.09835491484322,1.125404074885386
7,dense_initial,30,0.8566796437478592,0.8908536224395274
7,dense_initial,40,0.7085847509507414,0.7475993444103604
7,dense_initial,50,0.6101388900503703,0.6526112135469356
7,dense_initial,60,0.5402900387371218,0.5853514331441613
7,dense_initial,70,0.48817029237893156,0.5352451699993386
7,dense_initial,80,0.4477258593881974,0.49641390352752696
7,dense_initial,90,0.4153553987581224,0.465367220103388
7,dense_initial,100,0.38879558657089264,0.43991566406456273
7,dense_initial,110,0.36655739513935637,0.4186215098891562
7,dense_initial,120,0.3476228391217002,0.4005036271685282
7,dense_initial,130,0.33127293616323567,0.3848702350617388
7,dense_initial,140,0.3169855399277099,0.3712197036545364
7,dense_initial,150,0.30437222183372414,0.35917935148591845
7,dense_initial,160,0.29313791350183,0.3484663693909833
7,dense_initial,170,0.28305431380508084,0.33886211128275245
7,dense_initial,180,0.27394189449560347,0.330194725510551
7,dense_initial,190,0.26565743379458173,0.3223271416686394
7,dense_initial,200,0.2580851960140037,0.31514858498449205
7,dense_initial,210,0.25113057176012815,0.30856846803081994
7,dense_initial,220,0.24471541337285443,0.3025119179278188
7,dense_initial,230,0.2387745603685016,0.2969164498798582
7,dense_initial,240,0.23325321456476367,0.29172945795016786
7,dense_initial,250,0.22810493139488058,0.2869062975673
7,dense_initial,260,0.2232900644938825,0.28240880262719836
7,dense_initial,270,0.2187745481126809,0.27820412599659355
7,dense_initial,280,0.21452893438177104,0.2742638236082224
7,dense_initial,290,0.2105276249912434,0.2705631241075281
7,dense_initial,300,0.2067482527324867,0.26708034132432873
7,dense_initial,310,0.2031711796784194,0.2637963977575179
7,dense_initial,320,0.1997790869650356,0.26069443513530344
7,dense_initial,330,0.1965566371185636,0.2577594938595397
7,dense_initial,340,0.19349019429018405,0.25497824738051994
7,dense_initial,350,0.19056759105575027,0.25233878070540267
7,dense_initial,360,0.18777793291957576,0.24983040461717995
7,dense_initial,370,0.18511143354671253,0.24744349898185666
7,dense_initial,380,0.1825592751925119,0.2451693798990536
7,dense_initial,390,0.18011348991353252,0.24300018651339422
7,dense_initial,400,0.17776685801145956,0.2409287841291365
7,dense_initial,410,0.1755128208414024,0.23894868091603808
7,dense_initial,420,0.17334540565200754,0.23705395600288628
7,dense_initial,430,0.17125916055029702,0.23523919715817224
7,dense_initial,440,0.16924909802388602,0.23349944657883936
7,dense_initial,450,0.16731064572606436,0.2318301535659074
7,dense_initial,460,0.1654396034495378,0.23022713307378753
7,dense_initial,470,0.16363210539343756,0.2286865292887945
7,dense_initial,480,0.1618845869740679,0.22720478352985363
7,dense_initial,490,0.1601937555494025,0.22577860587701035
7,dense_initial,500,0.15855656452575548,0.2244049500260048
7,dense_initial,510,0.15697019039642587,0.22308099094375677
7,dense_initial,520,0.15543201232967266,0.22180410496316375
7,dense_initial,530,0.15393959397969295,0.22057185200858842
7,dense_initial,540,0.15249066724139324,0.21938195968773092
7,dense_initial,550,0.15108311770930985,0.21823230902279991
7,dense_initial,560,0.1497149716343791,0.2171209216252696
7,dense_initial,570,0.14838438420044667,0.2160459481450403
7,dense_initial,580,0.14708962896632138,0.2150056578473376
7,dense_initial,590,0.1458290883395206,0.21399842918985462
7,dense_initial,600,0.1446012449652225,0.21302274128900847
7,dense_recovery,10,0.14340467392879658,0.2120771661782059
7,dense_recovery,20,0.14223803568303936,0.21116036177305592
7,dense_recovery,30,0.1411000696222157,0.21027106546883784
7,dense_recovery,40,0.1399895882344722,0.20940808830449803
7,dense_recovery,50,0.13890547177237966,0.20857030963520068
7,dense_recovery,60,0.13784666338845616,0.20775667226219616
7,dense_recovery,70,0.1368121646886937,0.2069661779746259
7,dense_recovery,80,0.1358010316624803,0.20619788346299606
7,dense_recovery,90,0.1348123709519979,0.20545089656851673
7,dense_recovery,100,0.13384533642827753,0.20472437283641615
7,dense_recovery,110,0.13289912604468493,0.20401751234477417
7,dense_recovery,120,0.13197297894176616,0.20332955678344086
7,dense_recovery,130,0.13106617278015778,0.202659786760267
7,dense_recovery,140,0.13017802128071332,0.2020075193142246
7,dense_recovery,150,0.12930787195315804,0.20137210561707583
7,dense_recovery,160,0.12845510399649504,0.20075292884709145
7,dense_recovery,170,0.12761912635607836,0.20014940221995353
7,dense_recovery,180,0.12679937592377308,0.1995609671634368
7,dense_recovery,190,0.12599531586895568,0.19898709162375208
7,dense_recovery,200,0.12520643408930002,0.19842726849259834
7,dense_recovery,210,0.12443224177135251,0.19788101414499534
7,dense_recovery,220,0.12367227205184875,0.19734786707889881
7,dense_recovery,230,0.12292607877156964,0.19682738664842375
7,dense_recovery,240,0.12219323531429406,0.19631915188324645
7,dense_recovery,250,0.12147333352408526,0.19582276038742302
7,dense_recovery,260,0.12076598269475887,0.19533782731146224
7,dense_recovery,270,0.12007080862592953,0.19486398439203217
7,dense_recovery,280,0.11938745274052756,0.194400879054167
7,dense_recovery,290,0.11871557125912337,0.19394817357128374
7,dense_recovery,300,0.11805483442679827,0.1935055442787134
7,index_recovery,10,0.16578674680442848,0.2286440753767024
7,index_recovery,20,0.1623517730215111,0.22519310862998015
7,index_recovery,30,0.16038091091149906,0.22351383607246406
7,index_recovery,40,0.15869805999217837,0.22218687827805358
7,index_recovery,50,0.15712905239288433,0.22098942620679934
7,index_recovery,60,0.15563298584798538,0.21986597478699418
7,index_recovery,70,0.1541953863575014,0.21879675199052856
7,index_recovery,80,0.15280912575605868,0.21777248979293473
7,index_recovery,90,0.15146967246813192,0.2167877175904769
7,index_recovery,100,0.15017361252171998,0.21583860663358403
7,index_recovery,110,0.14891811536227573,0.21492218349197967
7,index_recovery,120,0.14770071552172445,0.21403600302024364
7,index_recovery,130,0.14651921103432686,0.21317798940819482
7,index_recovery,140,0.14537160885744338,0.21234634541452382
7,index_recovery,150,0.14425609096705144,0.2115394932825421
7,index_recovery,160,0.14317099052602136,0.2107560328114207
7,index_recovery,170,0.1421147735751605,0.20999471005927361
7,index_recovery,180,0.14108602414897323,0.20925439328571424
7,index_recovery,190,0.14008343176103058,0.208534054106882
7,index_recovery,200,0.13910578067113719,0.2078327525218575
7,index_recovery,210,0.1381519405692525,0.20714962486726102
7,index_recovery,220,0.1372208584258538,0.20648387401465262
7,index_recovery,230,0.13631155132322417,0.20583476130405637
7,index_recovery,240,0.13542310012253383,0.20520159983515868
7,index_recovery,250,0.1345546438491457,0.20458374883126176
7,index_recovery,260,0.1337053746988106,0.20398060885982996
7,index_recovery,270,0.13287453358305779,0.20339161774427125
7,index_recovery,280,0.13206140614459702,0.20281624703930753
7,index_recovery,290,0.13126531918377926,0.20225399897043622
7,index_recovery,300,0.13048563744563965,0.2017044037591355
7,pair_recovery,10,0.23451056674846704,0.2985625873352431
7,pair_recovery,20,0.2268740488250352,0.29106221289582657
7,pair_recovery,30,0.22235225980578202,0.2864736181110361
7,pair_recovery,40,0.21869034425472642,0.28283993347400427
7,pair_recovery,50,0.21542696321721,0.27970885358477704
7,pair_recovery,60,0.212415205407939,0.2769057099047135
7,pair_recovery,70,0.20959410981697726,0.27434427845347825
7,pair_recovery,80,0.20693208700503818,0.2719746108425655
7,pair_recovery,90,0.20440922113956497,0.26976416203187303
7,pair_recovery,100,0.2020109726157557,0.26768985780242344
7,pair_recovery,110,0.19972570996323782,0.2657343365808591
7,pair_recovery,120,0.19754364139257669,0.26388396892531113
7,pair_recovery,130,0.19545629422492997,0.26212771538599583
7,pair_recovery,140,0.1934562244999226,0.26045641887590215
7,pair_recovery,150,0.19153683184206133,0.25886234117178974
7,pair_recovery,160,0.18969222778199063,0.2573388457396097
7,pair_recovery,170,0.18791713467580967,0.25588017278443026
7,pair_recovery,180,0.1862068043200792,0.2544812747727644
7,pair_recovery,190,0.18455695053503174,0.2531376929148697
7,pair_recovery,200,0.18296369236242924,0.2518454621791139
7,pair_recovery,210,0.18142350569725585,0.25060103669038464
7,pair_recovery,220,0.1799331818067634,0.24940123003677514
7,pair_recovery,230,0.17848979156942946,0.2482431667214881
7,pair_recovery,240,0.17709065451540568,0.24712424211887019
7,pair_recovery,250,0.17573331192687294,0.24604208904288233
7,pair_recovery,260,0.17441550338962555,0.24499454954601646
7,pair_recovery,270,0.17313514629096297,0.243979650919551
7,pair_recovery,280,0.17189031784198003,0.24299558511466673
7,pair_recovery,290,0.1706792392698117,0.24204069098223663
7,pair_recovery,300,0.1695002618807942,0.24111343885920264
7,fixed_recovery,10,0.5678593397436282,0.5934222552003231
7,fixed_recovery,20,0.5487544884770104,0.5749604629050767
7,fixed_recovery,30,0.5332822380728177,0.5603084692112865
7,fixed_recovery,40,0.5196644121427451,0.547387004882113
7,fixed_recovery,50,0.5075346256118229,0.5358608267780048
7,fixed_recovery,60,0.4966360174024963,0.5254975356059036
7,fixed_recovery,70,0.48677018550342327,0.5161136471046944
7,fixed_recovery,80,0.4777805098251804,0.5075627328838839
7,fixed_recovery,90,0.46954156155719856,0.4997269141434679
7,fixed_recovery,100,0.4619516380785686,0.49251032892840757
7,fixed_recovery,110,0.45492734833544896,0.4858342157952385
7,fixed_recovery,120,0.44839961695343267,0.47963322644317347
7,fixed_recovery,130,0.44231069244676835,0.4738526438010668
7,fixed_recovery,140,0.4366118778197618,0.46844626369376086
7,fixed_recovery,150,0.43126178837428025,0.4633747651944981
7,fixed_recovery,160,0.42622499933434005,0.4586044439819042
7,fixed_recovery,170,0.42147098520625315,0.45410621802158807
7,fixed_recovery,180,0.4169732799370616,0.44985483962280753
7,fixed_recovery,190,0.41270880594150117,0.4458282654510749
7,fixed_recovery,200,0.4086573335506463,0.4420071485955857
7,fixed_recovery,210,0.4048010421154931,0.438374425809814
7,fixed_recovery,220,0.40112416102753684,0.43491497960475334
7,fixed_recovery,230,0.3976126740764174,0.4316153596932796
7,fixed_recovery,240,0.3942540743877366,0.4284635518570268
7,fixed_recovery,250,0.3910371600444078,0.42544878498043504
7,fixed_recovery,260,0.3879518626538429,0.4225613690142792
7,fixed_recovery,270,0.38498910276653553,0.41979255816652883
7,fixed_recovery,280,0.3821406673122765,0.4171344347963398
7,fixed_recovery,290,0.37939910519467623,0.41457981039743413
7,fixed_recovery,300,0.3767576379432372,0.4121221407659249
31,dense_initial,10,1.5238912891299026,1.5419186000151635
31,dense_initial,20,1.0969653906547798,1.1253602277838322
31,dense_initial,30,0.855920332761886,0.8910827652384026
31,dense_initial,40,0.7080561541464834,0.7478098247025043
31,dense_initial,50,0.6097006835279719,0.6527389629192156
31,dense_initial,60,0.5398924329118455,0.5853973823207596
31,dense_initial,70,0.4877951214916964,0.5352247659744397
31,dense_initial,80,0.44736633387769675,0.49634300757259714
31,dense_initial,90,0.4150089103736824,0.46525884418401753
31,dense_initial,100,0.38846105741490966,0.43977976582403755
31,dense_initial,110,0.3662342788590104,0.41846552318365837
31,dense_initial,120,0.34731074598561645,0.40033305950400105
31,dense_initial,130,0.33097149945153004,0.38468916516867957
31,dense_initial,140,0.3166943758766949,0.3710311600829367
31,dense_initial,150,0.30409092461436693,0.3589855911692538
31,dense_initial,160,0.2928660618693642,0.3482690802664669
31,dense_initial,170,0.2827914802686781,0.3386625594455091
31,dense_initial,180,0.27368765367139714,0.32999386243378737
31,dense_initial,190,0.2654113689661496,0.32212568276318365
31,dense_initial,200,0.2578469038435608,0.31494706753989066
31,dense_initial,210,0.25089966541088504,0.3083672942467008
31,dense_initial,220,0.24449152437463229,0.3023113870928582
31,dense_initial,230,0.23855733953680883,0.29671678259498957
31,dense_initial,240,0.23304233223230772,0.2915308144768431
31,dense_initial,250,0.22790007715993302,0.28670879180606273
31,dense_initial,260,0.22309094664155207,0.2822125128234877
31,dense_initial,270,0.21858089282551546,0.2780091029790302
31,dense_initial,280,0.2143404848249494,0.2740700971548064
31,dense_initial,290,0.21034414033372728,0.270370707883121
31,dense_initial,300,0.20656950714748878,0.2668892367217864
31,dense_initial,310,0.2029969613531277,0.26360659689323396
31,dense_initial,320,0.1996091971396499,0.26050592318950366
31,dense_initial,330,0.19639088916748548,0.25757225090664454
31,dense_initial,340,0.19332841285299782,0.25479224982112153
31,dense_initial,350,0.19040961122191882,0.2521540023859224
31,dense_initial,360,0.18762359946817242,0.24964681770393213
31,dense_initial,370,0.18496060024071953,0.24726107464148236
31,dense_initial,380,0.18241180412602245,0.24498808882596465
31,dense_initial,390,0.17996925090943125,0.24281999933613377
31,dense_initial,400,0.17762572806670612,0.24074967172079656
31,dense_initial,410,0.17537468361681313,0.23877061462860721
31,dense_initial,420,0.17321015100335388,0.23687690784128534
31,dense_initial,430,0.1711266840975734,0.23506313990650424
31,dense_initial,440,0.16911930075569814,0.23332435388883477
31,dense_initial,450,0.1671834336362382,0.23165600001553327
31,dense_initial,460,0.16531488720322018,0.2300538942023932
31,dense_initial,470,0.1635098000201465,0.2285141816138954
31,dense_initial,480,0.16176461158533997,0.22703330454964177
31,dense_initial,490,0.1600760330788721,0.22560797406186753
31,dense_initial,500,0.15844102148968217,0.22423514480164625
31,dense_initial,510,0.15685675667285728,0.2229119926681083
31,dense_initial,520,0.155320620954592,0.2216358948986549
31,dense_initial,530,0.1538301809586507,0.22040441229120564
31,dense_initial,540,0.15238317137525884,0.21921527329389903
31,dense_initial,550,0.15097748043290854,0.21806635973494065
31,dense_initial,560,0.14961113686689323,0.2169556939967047
31,dense_initial,570,0.1482822982065673,0.21588142746476385
31,dense_initial,580,0.14698924022723023,0.21484183010506372
31,dense_initial,590,0.14573034743287203,0.21383528104165184
31,dense_initial,600,0.14450410445336967,0.21286026002375721
31,dense_recovery,10,0.14330908825458075,0.21191533968505197
31,dense_recovery,20,0.14214396107252217,0.2109991785099836
31,dense_recovery,30,0.14100746399379346,0.21011051443244916
31,dense_recovery,40,0.13989841111386275,0.20924815900104804
31,dense_recovery,50,0.13881568421301896,0.20841099205291885
31,dense_recovery,60,0.1377582278968841,0.20759795684489915
31,dense_recovery,70,0.1367250451545468,0.20680805559661605
31,dense_recovery,80,0.13571519329274215,0.206040345405224
31,dense_recovery,90,0.13472778020919077,0.20529393449597946
31,dense_recovery,100,0.13376196097230478,0.20456797877675542
31,dense_recovery,110,0.13281693467805988,0.20386167866803345
31,dense_recovery,120,0.13189194155798536,0.2031742761829373
31,dense_recovery,130,0.13098626031499738,0.20250505223453136
31,dense_recovery,140,0.1300992056662455,0.20185332414996193
31,dense_recovery,150,0.1292301260743013,0.20121844337309913
31,dense_recovery,160,0.12837840164992745,0.20059979333917927
31,dense_recovery,170,0.12754344221135705,0.19999678750658553
31,dense_recovery,180,0.12672468548651405,0.19940886753235987
31,dense_recovery,190,0.12592159544594203,0.19883550157933305
31,dense_recovery,200,0.12513366075539448,0.19827618274391842
31,dense_recovery,210,0.12436039333810142,0.19773042759464604
31,dense_recovery,220,0.123601327037672,0.19719777481243747
31,dense_recovery,230,0.12285601637343922,0.19667778392445134
31,dense_recovery,240,0.12212403538081182,0.1961700341240708
31,dense_recovery,250,0.12140497652987539,0.1956741231702722
31,dense_recovery,260,0.12069844971609822,0.19518966636021567
31,dense_recovery,270,0.12000408131754317,0.19471629556943748
31,dense_recovery,280,0.11932151331348276,0.19425365835451391
31,dense_recovery,290,0.11865040245975925,0.193801417113506
31,dense_recovery,300,0.11799041951663324,0.19335924829989312
31,index_recovery,10,0.16570879422312226,0.22862207841634305
31,index_recovery,20,0.1622381366632637,0.22517946492775337
31,index_recovery,30,0.1602642682810623,0.22351261241653847
31,index_recovery,40,0.1585840808740662,0.22219021170742081
31,index_recovery,50,0.15701936590503,0.22099342180945022
31,index_recovery,60,0.15552803355426753,0.2198688766236946
31,index_recovery,70,0.15409516057030503,0.21879773752082252
31,index_recovery,80,0.1527134482830192,0.21777115067296957
31,index_recovery,90,0.15137830793671309,0.2167838355106332
31,index_recovery,100,0.1500863145275918,0.21583205342803427
31,index_recovery,110,0.14883464484430148,0.21491287572318987
31,index_recovery,120,0.14762084757714367,0.21402388112144033
31,index_recovery,130,0.1464427369032035,0.2131630080373886
31,index_recovery,140,0.14529833590205765,0.21232846893165144
31,index_recovery,150,0.14418584184853092,0.21151869354559902
31,index_recovery,160,0.14310360209529147,0.2107322880006646
31,index_recovery,170,0.14205009570134194,0.2099680039418972
31,index_recovery,180,0.14102391858024926,0.2092247146606052
31,index_recovery,190,0.1400237710563791,0.20850139632011103
31,index_recovery,200,0.139048447216023,0.207797113011743
31,index_recovery,210,0.1380968256770348,0.20711100472730432
31,index_recovery,220,0.13716786152164645,0.20644227757420586
31,index_recovery,230,0.13626057920484932,0.2057901957301592
31,index_recovery,240,0.13537406629247326,0.2051540747592165
31,index_recovery,250,0.1345074679113082,0.2045332760032674
31,index_recovery,260,0.1336599818141521,0.20392720183159782
31,index_recovery,270,0.13283085397844915,0.20333529158203634
31,index_recovery,280,0.13201937466975092,0.202757018065159
31,index_recovery,290,0.13122487491147636,0.20219188453142228
31,index_recovery,300,0.13044672331091828,0.20163942202245733
31,pair_recovery,10,0.23495562213104018,0.29925718687813646
31,pair_recovery,20,0.22715915367119227,0.29103391206922513
31,pair_recovery,30,0.22254356862579594,0.2862500566138931
31,pair_recovery,40,0.21883656201030452,0.282549730759881
31,pair_recovery,50,0.2155481139942076,0.2793925029302601
31,pair_recovery,60,0.21251995336945853,0.2765788968305457
31,pair_recovery,70,0.209686455486482,0.27401377727929715
31,pair_recovery,80,0.20701406275244155,0.2716435615827011
31,pair_recovery,90,0.2044820165260033,0.26943412294852787
31,pair_recovery,100,0.2020754123125337,0.2673616690164311
31,pair_recovery,110,0.1997824577558638,0.2654085002717164
31,pair_recovery,120,0.19759328687965752,0.26356082260551894
31,pair_recovery,130,0.19549938906521688,0.2618075134139496
31,pair_recovery,140,0.19349329701347426,0.2601393719702485
31,pair_recovery,150,0.1915683924364128,0.25854863608244055
31,pair_recovery,160,0.18971877060627268,0.25702865523614615
31,pair_recovery,170,0.1879391378313391,0.2555736607701837
31,pair_recovery,180,0.18622472961456588,0.254178598876161
31,pair_recovery,190,0.18457124318263007,0.2528390057471647
31,pair_recovery,200,0.18297478077864315,0.25155091187943884
31,pair_recovery,210,0.18143180143027574,0.2503107670918276
31,pair_recovery,220,0.1799390796033475,0.24911538063712857
31,pair_recovery,230,0.17849366955777463,0.2479618725613568
31,pair_recovery,240,0.17709287448357314,0.24684763362492176
31,pair_recovery,250,0.1757342196761846,0.24577029186849828
31,pair_recovery,260,0.17441542914494818,0.24472768442682633
31,pair_recovery,270,0.17313440515264972,0.24371783355267154
31,pair_recovery,280,0.17188921026692655,0.2427389260653756
31,pair_recovery,290,0.17067805157143426,0.24178929561882992
31,pair_recovery,300,0.1694992667397248,0.24086740731508263
31,fixed_recovery,10,0.5670709610359796,0.5926667693132281
31,fixed_recovery,20,0.5480011587281775,0.5742182592197417
31,fixed_recovery,30,0.5326163023199805,0.5596543951078163
31,fixed_recovery,40,0.5190722070694906,0.5468085562155041
31,fixed_recovery,50,0.5070034655267611,0.5353449619075239
31,fixed_recovery,60,0.4961559161693835,0.525033940482978
31,fixed_recovery,70,0.4863332597559953,0.5156941917845754
31,fixed_recovery,80,0.4773804575007618,0.5071809171179648
31,fixed_recovery,90,0.46917328234654687,0.49937746907187264
31,fixed_recovery,100,0.46161095774686717,0.4921889329546535
31,fixed_recovery,110,0.4546108157742444,0.48553728761775294
31,fixed_recovery,120,0.44810435259099873,0.47935777117301526
31,fixed_recovery,130,0.44203427345905427,0.4735961365526041
31,fixed_recovery,140,0.43635225010194484,0.46820656021969553
31,fixed_recovery,150,0.43101719824380597,0.4631500324003794
31,fixed_recovery,160,0.42599393997130997,0.4583931052819031
31,fixed_recovery,170,0.4212521542333605,0.4539069099245056
31,fixed_recovery,180,0.41676554551345474,0.44966637691824235
31,fixed_recovery,190,0.4125111794311876,0.44564961305321776
31,fixed_recovery,200,0.40846894731670647,0.441837398592009
31,fixed_recovery,210,0.4046211313464553,0.4382127786167306
31,fixed_recovery,220,0.4009520487621532,0.43476072838944363
31,fixed_recovery,230,0.3974477587853225,0.4314678774163297
31,fixed_recovery,240,0.3940958196141038,0.42832228043067105
31,fixed_recovery,250,0.39088508571404007,0.4253132261478347
31,fixed_recovery,260,0.3878055377475547,0.4224310766373275
31,fixed_recovery,270,0.3848481391109173,0.4196671316734216
31,fixed_recovery,280,0.38200471429383104,0.41701351358947397
31,fixed_recovery,290,0.379267845240412,0.4144630690607231
31,fixed_recovery,300,0.37663078264069205,0.4120092849409142
97,dense_initial,10,1.5284359838243207,1.545851799875333
97,dense_initial,20,1.0998605863890938,1.127840771900848
97,dense_initial,30,0.8579098228856921,0.8927779681480067
97,dense_initial,40,0.7095362033049641,0.7490729507769127
97,dense_initial,50,0.6108720758929945,0.6537464233365072
97,dense_initial,60,0.5408620240542614,0.5862414347845873
97,dense_initial,70,0.48862421595079425,0.5359572836679922
97,dense_initial,80,0.44809269010309777,0.4969952672780605
97,dense_initial,90,0.415657203646788,0.4658508735661018
97,dense_initial,100,0.3890482011083679,0.4403250504727607
97,dense_initial,110,0.36677231908822877,0.4189735313818365
97,dense_initial,120,0.3478085336539239,0.4008106750503668
97,dense_initial,130,0.3314357069971736,0.3851415413651138
97,dense_initial,140,0.3171301429740446,0.37146225083514395
97,dense_initial,150,0.3045022835654166,0.3593984937969557
97,dense_initial,160,0.2932562267429971,0.3486662641687127
97,dense_initial,170,0.2831630487655244,0.3390460231573932
97,dense_initial,180,0.2740427513620376,0.3303652443616082
97,dense_initial,190,0.26575175445621174,0.3224863411131908
97,dense_initial,200,0.25817404682031236,0.3152981392343998
97,dense_initial,210,0.2512148054754477,0.30870973917189637
97,dense_initial,220,0.24479571600749972,0.30264602188727635
97,dense_initial,230,0.23885148689025135,0.2970443068336038
97,dense_initial,240,0.23332721634875542,0.29185183122767505
97,dense_initial,250,0.22817637747638314,0.2870238239549594
97,dense_initial,260,0.22335925813167856,0.28252201617023326
97,dense_initial,270,0.2188417397755014,0.2783134768380067
97,dense_initial,280,0.21459433198632874,0.27436969300442965
97,dense_initial,290,0.21059140201434587,0.27066583647374903
97,dense_initial,300,0.20681055466863274,0.267180173954521
97,dense_initial,310,0.20323212920249725,0.2638935887106467
97,dense_initial,320,0.19983878807631858,0.260789189666205
97,dense_initial,330,0.1966151784794471,0.2578519896875963
97,dense_initial,340,0.1935476519255596,0.2550686390250871
97,dense_initial,350,0.19062403054264168,0.2524272030679422
97,dense_initial,360,0.18783341116881758,0.249916975952429
97,dense_initial,370,0.18516600025695507,0.24752832337125028
97,dense_initial,380,0.1826129740401502,0.2452525493169466
97,dense_initial,390,0.18016635952913745,0.24308178255885046
97,dense_initial,400,0.17781893278308783,0.24100887948204128
97,dense_initial,410,0.17556413157713005,0.23902734056517624
97,dense_initial,420,0.17339598012768204,0.2371312382847745
97,dense_initial,430,0.17130902396346823,0.2353151546383447
97,dense_initial,440,0.16929827337086184,0.2335741268015829
97,dense_initial,450,0.16735915411583505,0.23190359969383798
97,dense_initial,460,0.1654874643657401,0.23029938443492598
97,dense_initial,470,0.16367933691346617,0.22875762184576168
97,dense_initial,480,0.16193120595277302,0.2272747502833235
97,dense_initial,490,0.16023977777346676,0.22584747721352708
97,dense_initial,500,0.15860200484374892,0.22447275401860148
97,dense_initial,510,0.15701506282864994,0.22314775361243575
97,dense_initial,520,0.15547633016118087,0.22186985050116084
97,dense_initial,530,0.15398336983928357,0.22063660297940252
97,dense_initial,540,0.1525339131688857,0.21944573719711577
97,dense_initial,550,0.15112584521302008,0.2182951328692651
97,dense_initial,560,0.14975719174038218,0.21718281043209137
97,dense_initial,570,0.14842610749494675,0.21610691947632957
97,dense_initial,580,0.1471308656322266,0.21506572831033088
97,dense_initial,590,0.1458698481881391,0.21405761452527164
97,dense_initial,600,0.144641537463842,0.213081056451052
97,dense_recovery,10,0.1434445082247859,0.21213462540555156
97,dense_recovery,20,0.14227742062500529,0.21121697865198555
97,dense_recovery,30,0.14113901377866148,0.21032685298951045
97,dense_recovery,40,0.1400280999103333,0.20946305891121117
97,dense_recovery,50,0.13894355902374955,0.20862447527137895
97,dense_recovery,60,0.13788433403576786,0.20781004441074297
97,dense_recovery,70,0.13684942632857824,0.20701876769419075
97,dense_recovery,80,0.13583789167848936,0.20624970142063426
97,dense_recovery,90,0.1348488365243487,0.20550195306915794
97,dense_recovery,100,0.13388141454275274,0.2047746778495036
97,dense_recovery,110,0.13293482350080035,0.20406707552839107
97,dense_recovery,120,0.13200830236030126,0.20337838750619994
97,dense_recovery,130,0.13110112861012949,0.20270789412120532
97,dense_recovery,140,0.1302126158058618,0.20205491216091684
97,dense_recovery,150,0.12934211129800258,0.2014187925621531
97,dense_recovery,160,0.12848899413200904,0.2007989182833293
97,dense_recovery,170,0.12765267310502657,0.20019470233407663
97,dense_recovery,180,0.1268325849657457,0.19960558594876718
97,dense_recovery,190,0.12602819274513155,0.1990310368918171
97,dense_recovery,200,0.12523898420696464,0.19847054788379756
97,dense_recovery,210,0.12446447040819367,0.1979236351384183
97,dense_recovery,220,0.1237041843600498,0.19738983700137297
97,dense_recovery,230,0.12295767978171714,0.19686871268286457
97,dense_recovery,240,0.12222452993911441,0.19635984107637403
97,dense_recovery,250,0.121504326562024,0.19586281965690225
97,dense_recovery,260,0.1207966788334129,0.1953772634525184
97,dense_recovery,270,0.12010121244534282,0.1949028040835877
97,dense_recovery,280,0.11941756871635915,0.19443908886454178
97,dense_recovery,290,0.11874540376569503,0.1939857799634957
97,dense_recovery,300,0.11808438774002933,0.1935425536154136
97,index_recovery,10,0.1657557247457225,0.228344375955787
97,index_recovery,20,0.1623363175163382,0.2249577609341942
97,index_recovery,30,0.16036686407295234,0.22330301758955254
97,index_recovery,40,0.15868571485875727,0.22199031817392723
97,index_recovery,50,0.15711877809738262,0.22080268868670325
97,index_recovery,60,0.15562481314317703,0.21968674769366195
97,index_recovery,70,0.15418920225893454,0.2186237338898998
97,index_recovery,80,0.15280477260206698,0.21760490037937394
97,index_recovery,90,0.15146698659344834,0.21662505284732236
97,index_recovery,100,0.15017243824807533,0.21568051195527008
97,index_recovery,110,0.14891830946536977,0.21476838726103442
97,index_recovery,120,0.14770214807001036,0.21388628168000376
97,index_recovery,130,0.14652176487928065,0.21303214900002385
97,index_recovery,140,0.14537517866352745,0.21220421172043122
97,index_recovery,150,0.14426058212882714,0.21140090646173215
97,index_recovery,160,0.14317631810673406,0.21062084438259798
97,index_recovery,170,0.14212086131600368,0.20986278110838869
97,index_recovery,180,0.141092803563941,0.20912559331626454
97,index_recovery,190,0.14009084131845767,0.20840826023050138
97,index_recovery,200,0.13911376505760314,0.20770984883318042
97,index_recovery,210,0.13816045002958285,0.20702950192305494
97,index_recovery,220,0.13722984817246558,0.20636642837652389
97,index_recovery,230,0.1363209810081913,0.20571989512419614
97,index_recovery,240,0.1354329333661246,0.20508922047481157
97,index_recovery,250,0.1345648478190579,0.20447376850665855
97,index_recovery,260,0.1337159197348231,0.2038729443127572
97,index_recovery,270,0.13288539286230322,0.20328618993555153
97,index_recovery,280,0.13207255538312124,0.20271298086391928
97,index_recovery,290,0.13127673637048315,0.20215282299315648
97,index_recovery,300,0.13049730260509654,0.201605249969617
97,pair_recovery,10,0.2302661455302565,0.29349010627054206
97,pair_recovery,20,0.22445241301517763,0.287886338400013
97,pair_recovery,30,0.22054923754753894,0.28421864624593396
97,pair_recovery,40,0.21714726455524655,0.28107642845140696
97,pair_recovery,50,0.21401026782907867,0.27822614526815914
97,pair_recovery,60,0.2110711036309447,0.27559425370188506
97,pair_recovery,70,0.20829926089190243,0.2731432501179996
97,pair_recovery,80,0.2056753547911769,0.27084823100864336
97,pair_recovery,90,0.2031846095168073,0.2686903951601537
97,pair_recovery,100,0.2008147864723799,0.26665463784767157
97,pair_recovery,110,0.19855537104074017,0.2647284219612392
97,pair_recovery,120,0.19639717280612812,0.2629011365200418
97,pair_recovery,130,0.1943320835188265,0.26116367986605843
97,pair_recovery,140,0.19235290656455428,0.2595081654286084
97,pair_recovery,150,0.19045322544257864,0.2579277033836496
97,pair_recovery,160,0.18862729729273706,0.25641623335563174
97,pair_recovery,170,0.18686996447742446,0.2549683932601482
97,pair_recovery,180,0.18517658011899116,0.25357941461259553
97,pair_recovery,190,0.18354294485296846,0.2522450376995446
97,pair_recovery,200,0.181965252792091,0.25096144195635184
97,pair_recovery,210,0.18044004514982334,0.24972518818835296
97,pair_recovery,220,0.17896417028406839,0.24853317015928636
97,pair_recovery,230,0.1775347491524952,0.24738257369097214
97,pair_recovery,240,0.1761491453494925,0.2462708418602717
97,pair_recovery,250,0.17480493903666633,0.24519564519939538
97,pair_recovery,260,0.1734999041934086,0.24415485604103324
97,pair_recovery,270,0.17223198870753928,0.24314652632563122
97,pair_recovery,280,0.170999296902796,0.24216886832149195
97,pair_recovery,290,0.16980007416330964,0.24122023781098711
97,pair_recovery,300,0.16863269336772102,0.24029911937620366
97,fixed_recovery,10,0.5677607532816747,0.5933524174526842
97,fixed_recovery,20,0.5486202600819328,0.5748769507156681
97,fixed_recovery,30,0.5331715803190322,0.5602597524963693
97,fixed_recovery,40,0.5195747540668262,0.5473677029407863
97,fixed_recovery,50,0.5074623768184724,0.5358659792910397
97,fixed_recovery,60,0.4965782631154846,0.5255232707085109
97,fixed_recovery,70,0.48672456274777015,0.5161568413145057
97,fixed_recovery,80,0.47774508816325906,0.5076208257228845
97,fixed_recovery,90,0.46951475429019024,0.4997977868738207
97,fixed_recovery,100,0.461932134100811,0.4925922151977638
97,fixed_recovery,110,0.4549140589955402,0.48592563313684567
97,fixed_recovery,120,0.4483916342290808,0.47973292291866554
97,fixed_recovery,130,0.4423072557827989,0.47395955601865897
97,fixed_recovery,140,0.43661234766450324,0.4685594834996502
97,fixed_recovery,150,0.4312656249359665,0.46349351304417546
97,fixed_recovery,160,0.4262317454337461,0.458728047500957
97,fixed_recovery,170,0.42148025236410613,0.45423409463040515
97,fixed_recovery,180,0.4169847370309505,0.4499864823675297
97,fixed_recovery,190,0.4127221699150707,0.4459632313818457
97,fixed_recovery,200,0.4086723617704757,0.4421450491818647
97,fixed_recovery,210,0.40481752605733545,0.438514918994764
97,fixed_recovery,220,0.40114192104011254,0.43505776318612727
97,fixed_recovery,230,0.3976315550225484,0.43176016578372356
97,fixed_recovery,240,0.39427394200285143,0.4286101422272962
97,fixed_recovery,250,0.3910578978840071,0.4255969471283445
97,fixed_recovery,260,0.3879733695263791,0.4227109128329726
97,fixed_recovery,270,0.38501129056786176,0.419943313109881
97,fixed_recovery,280,0.3821634591934812,0.4172862474584672
97,fixed_recovery,290,0.37942243400764425,0.41473254243855767
97,fixed_recovery,300,0.3767814449183251,0.41227566712903113
