repeat,iterations,policy,ns_per_update,seconds,total,checksum,flushes,counter_stride,lock_free,worker_cpu_seconds,packed_alignment_mod64,padded_alignment_mod64
0,8000000,packed,15.749798249999998,0.251996772,16000000,3,16000000,8,True,0.456831866,0,0
0,2000000,padded,4.870808,0.019483232,4000000,3,4000000,64,True,0.038289358,0,0
0,500000,packed,16.667304,0.016667304,1000000,3,1000000,8,True,0.032407963,0,0
0,500000,padded,5.251404,0.005251404,1000000,3,1000000,64,True,0.009842146,0,0
0,2000000,packed,15.630823249999999,0.062523293,4000000,3,4000000,8,True,0.124222898,0,0
0,2000000,batch-64,0.89767725,0.003590709,4000000,3,62500,8,True,0.006900092,0,0
0,500000,batch-64,1.05484,0.00105484,1000000,3,15626,8,True,0.001633088,0,0
0,8000000,batch-64,0.915756875,0.01465211,16000000,3,250000,8,True,0.027679137,0,0
0,8000000,padded,5.2399689375,0.083839503,16000000,3,16000000,64,True,0.165726178,0,0
1,500000,packed,11.825559,0.011825559,1000000,3,1000000,8,True,0.018867702,0,0
1,8000000,packed,15.61168775,0.249787004,16000000,3,16000000,8,True,0.478715591,0,0
1,2000000,packed,15.712523499999998,0.062850094,4000000,3,4000000,8,True,0.12152285,0,0
1,8000000,batch-64,0.9244725625,0.014791561,16000000,3,250000,8,True,0.029284585,0,0
1,500000,batch-64,1.559809,0.001559809,1000000,3,15626,8,True,0.001799887,0,0
1,8000000,padded,5.33084275,0.085293484,16000000,3,16000000,64,True,0.164192051,0,0
1,500000,padded,5.348624,0.005348624,1000000,3,1000000,64,True,0.009821813,0,0
1,2000000,batch-64,0.9865252499999999,0.003946101,4000000,3,62500,8,True,0.007338769,0,0
1,2000000,padded,7.834919500000001,0.031339678,4000000,3,4000000,64,True,0.050217169,0,0
2,2000000,padded,12.08473175,0.048338927,4000000,3,4000000,64,True,0.072244005,0,0
2,500000,packed,13.312847,0.013312847,1000000,3,1000000,8,True,0.022854267,0,0
2,2000000,packed,15.785663750000001,0.063142655,4000000,3,4000000,8,True,0.125737701,0,0
2,8000000,packed,15.2359654375,0.243775447,16000000,3,16000000,8,True,0.453187356,0,0
2,500000,batch-64,1.277136,0.001277136,1000000,3,15626,8,True,0.001937312,0,0
2,8000000,padded,4.9263450625,0.078821521,16000000,3,16000000,64,True,0.15477367,0,0
2,500000,padded,6.026787,0.006026787,1000000,3,1000000,64,True,0.01121922,0,0
2,2000000,batch-64,0.8987015,0.003594806,4000000,3,62500,8,True,0.007075032,0,0
2,8000000,batch-64,1.1580934375,0.018529495,16000000,3,250000,8,True,0.026944931,0,0
3,8000000,packed,14.9058931875,0.238494291,16000000,3,16000000,8,True,0.459883899,0,0
3,500000,packed,14.464114,0.014464114,1000000,3,1000000,8,True,0.026560679,0,0
3,2000000,padded,5.61862875,0.022474515,4000000,3,4000000,64,True,0.042739731,0,0
3,2000000,packed,16.77157025,0.067086281,4000000,3,4000000,8,True,0.130128469,0,0
3,500000,padded,6.283116,0.006283116,1000000,3,1000000,64,True,0.01126085,0,0
3,2000000,batch-64,1.0296082500000001,0.004118433,4000000,3,62500,8,True,0.007494037,0,0
3,8000000,padded,5.2122700625,0.083396321,16000000,3,16000000,64,True,0.164938085,0,0
3,8000000,batch-64,0.9908020625,0.015852833,16000000,3,250000,8,True,0.028414539,0,0
3,500000,batch-64,1.092512,0.001092512,1000000,3,15626,8,True,0.001982106,0,0
4,2000000,padded,5.5415355,0.022166142,4000000,3,4000000,64,True,0.042300715,0,0
4,500000,batch-64,1.723539,0.001723539,1000000,3,15626,8,True,0.002505047,0,0
4,2000000,packed,15.31178125,0.061247125,4000000,3,4000000,8,True,0.121344089,0,0
4,8000000,batch-64,0.9620436875,0.015392699,16000000,3,250000,8,True,0.03030713,0,0
4,500000,padded,4.732377,0.004732377,1000000,3,1000000,64,True,0.009110629,0,0
4,500000,packed,14.214161,0.014214161,1000000,3,1000000,8,True,0.025971024,0,0
4,8000000,packed,15.79470325,0.252715252,16000000,3,16000000,8,True,0.494845416,0,0
4,2000000,batch-64,0.90730775,0.003629231,4000000,3,62500,8,True,0.006751392,0,0
4,8000000,padded,4.70561575,0.075289852,16000000,3,16000000,64,True,0.148361397,0,0
