repeat,position,threads,work,iterations,policy,batch,updates,ns_per_update,logical_counter_bytes,maximum_buffered_updates_per_thread,seconds,total,checksum,flushes,counter_stride,lock_free,worker_cpu_seconds,packed_alignment_mod64,padded_alignment_mod64
0,0,2,32,250000,packed,1,500000,66.31587,16,1,0.033157935,500000,3711649108370377731,500000,8,True,0.045102819,0,0
0,1,1,32,250000,batch-16,16,250000,48.731824,8,16,0.012182956,250000,7185560759145161217,15625,8,True,0.01208621,0,0
0,2,2,32,250000,padded,1,500000,24.965224,128,1,0.012482612,500000,3711649108370377731,500000,64,True,0.023724678,0,0
0,3,1,32,250000,shared,1,250000,45.72454,8,1,0.011431135,250000,7185560759145161217,250000,8,True,0.011380046,0,0
0,4,1,32,250000,batch-64,64,250000,48.437188,8,64,0.012109297,250000,7185560759145161217,3907,8,True,0.012063888,0,0
0,5,1,0,2000000,padded,1,2000000,9.804793,64,1,0.019609586,2000000,1,2000000,64,True,0.019497426,0,0
0,6,1,32,250000,padded,1,250000,50.077592,64,1,0.012519398,250000,7185560759145161217,250000,64,True,0.012435012,0,0
0,7,2,0,2000000,packed,1,4000000,15.51784975,16,1,0.062071399,4000000,3,4000000,8,True,0.120058616,0,0
0,8,2,256,100000,padded,1,200000,332.788245,128,1,0.066557649,200000,16839334069327478787,200000,64,True,0.129301928,0,0
0,9,2,256,100000,packed,1,200000,255.054135,16,1,0.051010827,200000,16839334069327478787,200000,8,True,0.094833215,0,0
0,10,2,0,2000000,batch-16,16,4000000,1.77197875,16,16,0.007087915,4000000,3,250000,8,True,0.013116045,0,0
0,11,2,32,250000,batch-16,16,500000,31.24519,16,16,0.015622595,500000,3711649108370377731,31250,8,True,0.02746439,0,0
0,12,1,256,100000,packed,1,100000,411.45388,8,1,0.041145388,100000,8932284092946817025,100000,8,True,0.040441594,0,0
0,13,1,0,2000000,packed,1,2000000,9.329989,8,1,0.018659978,2000000,1,2000000,8,True,0.018581834,0,0
0,14,2,256,100000,batch-64,64,200000,233.43354,16,64,0.046686708,200000,16839334069327478787,3126,8,True,0.091291339,0,0
0,15,2,256,100000,shared,1,200000,366.659125,8,1,0.073331825,200000,16839334069327478787,200000,8,True,0.130350375,0,0
0,16,1,0,2000000,shared,1,2000000,16.1648975,8,1,0.032329795,2000000,1,2000000,8,True,0.031924485,0,0
0,17,2,0,2000000,batch-64,64,4000000,1.33180975,16,64,0.005327239,4000000,3,62500,8,True,0.00767904,0,0
0,18,2,0,2000000,shared,1,4000000,15.471942,8,1,0.061887768,4000000,3,4000000,8,True,0.121396581,0,0
0,19,1,0,2000000,batch-16,16,2000000,1.117775,8,16,0.00223555,2000000,1,125000,8,True,0.002195919,0,0
0,20,2,0,2000000,padded,1,4000000,4.791177,128,1,0.019164708,4000000,3,4000000,64,True,0.037929777,0,0
0,21,1,256,100000,batch-16,16,100000,571.95251,8,16,0.057195251,100000,8932284092946817025,6250,8,True,0.057032071,0,0
0,22,1,256,100000,padded,1,100000,414.89959,64,1,0.041489959,100000,8932284092946817025,100000,64,True,0.041433669,0,0
0,23,1,256,100000,shared,1,100000,393.16829,8,1,0.039316829,100000,8932284092946817025,100000,8,True,0.039260852,0,0
0,24,2,32,250000,shared,1,500000,34.52827,8,1,0.017264135,500000,3711649108370377731,500000,8,True,0.03322517,0,0
0,25,1,32,250000,packed,1,250000,70.264708,8,1,0.017566177,250000,7185560759145161217,250000,8,True,0.017513242,0,0
0,26,2,32,250000,batch-64,64,500000,25.727842,16,64,0.012863921,500000,3711649108370377731,7814,8,True,0.02499309,0,0
0,27,2,256,100000,batch-16,16,200000,275.354365,16,16,0.055070873,200000,16839334069327478787,12500,8,True,0.101252709,0,0
0,28,1,256,100000,batch-64,64,100000,459.53218,8,64,0.045953218,100000,8932284092946817025,1563,8,True,0.04587032,0,0
0,29,1,0,2000000,batch-64,64,2000000,1.7223445,8,64,0.003444689,2000000,1,31250,8,True,0.003250217,0,0
1,0,1,0,2000000,packed,1,2000000,10.840408,8,1,0.021680816,2000000,1,2000000,8,True,0.021624805,0,0
1,1,2,32,250000,batch-64,64,500000,37.104972,16,64,0.018552486,500000,3711649108370377731,7814,8,True,0.029504299,0,0
1,2,1,256,100000,packed,1,100000,389.28944,8,1,0.038928944,100000,8932284092946817025,100000,8,True,0.038592383,0,0
1,3,1,32,250000,batch-16,16,250000,51.215892,8,16,0.012803973,250000,7185560759145161217,15625,8,True,0.012756008,0,0
1,4,2,256,100000,padded,1,200000,207.670065,128,1,0.041534013,200000,16839334069327478787,200000,64,True,0.082259224,0,0
1,5,2,256,100000,packed,1,200000,286.73348,16,1,0.057346696,200000,16839334069327478787,200000,8,True,0.102819485,0,0
1,6,2,32,250000,shared,1,500000,35.65107,8,1,0.017825535,500000,3711649108370377731,500000,8,True,0.034494908,0,0
1,7,1,256,100000,batch-16,16,100000,538.49275,8,16,0.053849275,100000,8932284092946817025,6250,8,True,0.053762843,0,0
1,8,1,256,100000,shared,1,100000,404.70059,8,1,0.040470059,100000,8932284092946817025,100000,8,True,0.040409312,0,0
1,9,1,0,2000000,shared,1,2000000,9.9201665,8,1,0.019840333,2000000,1,2000000,8,True,0.019781012,0,0
1,10,1,0,2000000,batch-16,16,2000000,1.1942955,8,16,0.002388591,2000000,1,125000,8,True,0.002206827,0,0
1,11,1,0,2000000,batch-64,64,2000000,0.6803255,8,64,0.001360651,2000000,1,31250,8,True,0.001308658,0,0
1,12,2,32,250000,batch-16,16,500000,31.822438,16,16,0.015911219,500000,3711649108370377731,31250,8,True,0.027430807,0,0
1,13,2,256,100000,batch-64,64,200000,314.04851999999994,16,64,0.062809704,200000,16839334069327478787,3126,8,True,0.118744359,0,0
1,14,1,32,250000,packed,1,250000,55.620772,8,1,0.013905193,250000,7185560759145161217,250000,8,True,0.013759823,0,0
1,15,2,32,250000,packed,1,500000,34.366724,16,1,0.017183362,500000,3711649108370377731,500000,8,True,0.034120195,0,0
1,16,2,0,2000000,packed,1,4000000,14.45377775,16,1,0.057815111,4000000,3,4000000,8,True,0.113555179,0,0
1,17,1,32,250000,batch-64,64,250000,58.276864,8,64,0.014569216,250000,7185560759145161217,3907,8,True,0.014515102,0,0
1,18,1,32,250000,shared,1,250000,44.774212,8,1,0.011193553,250000,7185560759145161217,250000,8,True,0.011138405,0,0
1,19,2,0,2000000,batch-64,64,4000000,0.9027,16,64,0.0036108,4000000,3,62500,8,True,0.006633723,0,0
1,20,2,256,100000,batch-16,16,200000,208.213635,16,16,0.041642727,200000,16839334069327478787,12500,8,True,0.082721216,0,0
1,21,2,0,2000000,padded,1,4000000,9.96700525,128,1,0.039868021,4000000,3,4000000,64,True,0.058347903,0,0
1,22,2,32,250000,padded,1,500000,26.354082,128,1,0.013177041,500000,3711649108370377731,500000,64,True,0.025111967,0,0
1,23,1,0,2000000,padded,1,2000000,10.0418535,64,1,0.020083707,2000000,1,2000000,64,True,0.020030408,0,0
1,24,1,256,100000,batch-64,64,100000,382.38836,8,64,0.038238836,100000,8932284092946817025,1563,8,True,0.038178292,0,0
1,25,1,256,100000,padded,1,100000,424.17022,64,1,0.042417022,100000,8932284092946817025,100000,64,True,0.042034623,0,0
1,26,2,0,2000000,shared,1,4000000,14.177315,8,1,0.05670926,4000000,3,4000000,8,True,0.108320254,0,0
1,27,1,32,250000,padded,1,250000,51.951508,64,1,0.012987877,250000,7185560759145161217,250000,64,True,0.012935068,0,0
1,28,2,256,100000,shared,1,200000,213.221935,8,1,0.042644387,200000,16839334069327478787,200000,8,True,0.082668554,0,0
1,29,2,0,2000000,batch-16,16,4000000,1.24294775,16,16,0.004971791,4000000,3,250000,8,True,0.00891155,0,0
2,0,2,256,100000,batch-64,64,200000,232.716905,16,64,0.046543381,200000,16839334069327478787,3126,8,True,0.087813614,0,0
2,1,2,0,2000000,packed,1,4000000,15.47896275,16,1,0.061915851,4000000,3,4000000,8,True,0.12253165,0,0
2,2,2,0,2000000,batch-16,16,4000000,1.51456925,16,16,0.006058277,4000000,3,250000,8,True,0.010670339,0,0
2,3,1,256,100000,packed,1,100000,381.68363,8,1,0.038168363,100000,8932284092946817025,100000,8,True,0.038093542,0,0
2,4,1,256,100000,batch-64,64,100000,388.62024,8,64,0.038862024,100000,8932284092946817025,1563,8,True,0.03880418,0,0
2,5,1,0,2000000,packed,1,2000000,9.4999495,8,1,0.018999899,2000000,1,2000000,8,True,0.01894441,0,0
2,6,2,32,250000,batch-64,64,500000,24.936832,16,64,0.012468416,500000,3711649108370377731,7814,8,True,0.024394336,0,0
2,7,2,0,2000000,padded,1,4000000,5.34821675,128,1,0.021392867,4000000,3,4000000,64,True,0.040054814,0,0
2,8,1,0,2000000,shared,1,2000000,11.0335395,8,1,0.022067079,2000000,1,2000000,8,True,0.021310103,0,0
2,9,1,32,250000,batch-16,16,250000,50.419324,8,16,0.012604831,250000,7185560759145161217,15625,8,True,0.012545552,0,0
2,10,1,0,2000000,batch-16,16,2000000,1.4268195,8,16,0.002853639,2000000,1,125000,8,True,0.002792176,0,0
2,11,1,32,250000,shared,1,250000,45.781608,8,1,0.011445402,250000,7185560759145161217,250000,8,True,0.011402137,0,0
2,12,1,32,250000,padded,1,250000,66.24606800000001,64,1,0.016561517,250000,7185560759145161217,250000,64,True,0.016495575,0,0
2,13,2,32,250000,batch-16,16,500000,27.409484,16,16,0.013704742,500000,3711649108370377731,31250,8,True,0.02633273,0,0
2,14,2,256,100000,padded,1,200000,232.62384,128,1,0.046524768,200000,16839334069327478787,200000,64,True,0.084648798,0,0
2,15,2,32,250000,packed,1,500000,32.084852,16,1,0.016042426,500000,3711649108370377731,500000,8,True,0.030430008,0,0
2,16,1,0,2000000,padded,1,2000000,9.7135195,64,1,0.019427039,2000000,1,2000000,64,True,0.019376392,0,0
2,17,1,256,100000,batch-16,16,100000,487.21911,8,16,0.048721911,100000,8932284092946817025,6250,8,True,0.048675813,0,0
2,18,1,32,250000,batch-64,64,250000,48.833796,8,64,0.012208449,250000,7185560759145161217,3907,8,True,0.012164498,0,0
2,19,1,256,100000,shared,1,100000,454.50112,8,1,0.045450112,100000,8932284092946817025,100000,8,True,0.045367542,0,0
2,20,2,256,100000,packed,1,200000,220.79929,16,1,0.044159858,200000,16839334069327478787,200000,8,True,0.085331307,0,0
2,21,2,256,100000,shared,1,200000,261.161035,8,1,0.052232207,200000,16839334069327478787,200000,8,True,0.095568199,0,0
2,22,2,256,100000,batch-16,16,200000,193.55086,16,16,0.038710172,200000,16839334069327478787,12500,8,True,0.075651439,0,0
2,23,2,32,250000,shared,1,500000,30.766184,8,1,0.015383092,500000,3711649108370377731,500000,8,True,0.03014416,0,0
2,24,2,0,2000000,shared,1,4000000,15.0343325,8,1,0.06013733,4000000,3,4000000,8,True,0.119177975,0,0
2,25,1,32,250000,packed,1,250000,49.534368,8,1,0.012383592,250000,7185560759145161217,250000,8,True,0.011916409,0,0
2,26,1,256,100000,padded,1,100000,381.05592,64,1,0.038105592,100000,8932284092946817025,100000,64,True,0.038068024,0,0
2,27,2,0,2000000,batch-64,64,4000000,0.9000085,16,64,0.003600034,4000000,3,62500,8,True,0.006931884,0,0
2,28,2,32,250000,padded,1,500000,24.671666,128,1,0.012335833,500000,3711649108370377731,500000,64,True,0.023467107,0,0
2,29,1,0,2000000,batch-64,64,2000000,0.9371955,8,64,0.001874391,2000000,1,31250,8,True,0.001824693,0,0
3,0,1,32,250000,batch-16,16,250000,49.726056,8,16,0.012431514,250000,7185560759145161217,15625,8,True,0.012095735,0,0
3,1,2,32,250000,batch-64,64,500000,36.11219,16,64,0.018056095,500000,3711649108370377731,7814,8,True,0.031270112,0,0
3,2,1,256,100000,padded,1,100000,402.92724,64,1,0.040292724,100000,8932284092946817025,100000,64,True,0.040246244,0,0
3,3,1,256,100000,batch-16,16,100000,396.42459,8,16,0.039642459,100000,8932284092946817025,6250,8,True,0.039597245,0,0
3,4,1,0,2000000,batch-64,64,2000000,1.245074,8,64,0.002490148,2000000,1,31250,8,True,0.002449186,0,0
3,5,1,32,250000,shared,1,250000,50.256768,8,1,0.012564192,250000,7185560759145161217,250000,8,True,0.012401582,0,0
3,6,1,32,250000,packed,1,250000,49.216984,8,1,0.012304246,250000,7185560759145161217,250000,8,True,0.012255552,0,0
3,7,2,0,2000000,batch-16,16,4000000,2.42689125,16,16,0.009707565,4000000,3,250000,8,True,0.015085053,0,0
3,8,2,32,250000,padded,1,500000,50.181274,128,1,0.025090637,500000,3711649108370377731,500000,64,True,0.043256723,0,0
3,9,2,0,2000000,shared,1,4000000,14.9373395,8,1,0.059749358,4000000,3,4000000,8,True,0.112321155,0,0
3,10,1,0,2000000,packed,1,2000000,10.0196115,8,1,0.020039223,2000000,1,2000000,8,True,0.019991432,0,0
3,11,1,32,250000,batch-64,64,250000,64.644048,8,64,0.016161012,250000,7185560759145161217,3907,8,True,0.016094606,0,0
3,12,2,0,2000000,padded,1,4000000,4.63624475,128,1,0.018544979,4000000,3,4000000,64,True,0.036342756,0,0
3,13,2,256,100000,packed,1,200000,193.45171,16,1,0.038690342,200000,16839334069327478787,200000,8,True,0.075386396,0,0
3,14,1,0,2000000,padded,1,2000000,10.504954,64,1,0.021009908,2000000,1,2000000,64,True,0.020956644,0,0
3,15,2,0,2000000,packed,1,4000000,14.59044875,16,1,0.058361795,4000000,3,4000000,8,True,0.111576224,0,0
3,16,2,32,250000,packed,1,500000,31.279608,16,1,0.015639804,500000,3711649108370377731,500000,8,True,0.030966914,0,0
3,17,1,256,100000,packed,1,100000,435.06876,8,1,0.043506876,100000,8932284092946817025,100000,8,True,0.04271595,0,0
3,18,2,256,100000,batch-16,16,200000,231.41255,16,16,0.04628251,200000,16839334069327478787,12500,8,True,0.085036496,0,0
3,19,1,256,100000,shared,1,100000,380.61669,8,1,0.038061669,100000,8932284092946817025,100000,8,True,0.037999007,0,0
3,20,1,0,2000000,batch-16,16,2000000,1.317394,8,16,0.002634788,2000000,1,125000,8,True,0.002588346,0,0
3,21,2,0,2000000,batch-64,64,4000000,0.97884075,16,64,0.003915363,4000000,3,62500,8,True,0.007603773,0,0
3,22,1,0,2000000,shared,1,2000000,9.40363,8,1,0.01880726,2000000,1,2000000,8,True,0.018756185,0,0
3,23,2,256,100000,padded,1,200000,240.29531,128,1,0.048059062,200000,16839334069327478787,200000,64,True,0.09135252,0,0
3,24,1,32,250000,padded,1,250000,54.011364,64,1,0.013502841,250000,7185560759145161217,250000,64,True,0.01344561,0,0
3,25,2,256,100000,shared,1,200000,204.875335,8,1,0.040975067,200000,16839334069327478787,200000,8,True,0.079555219,0,0
3,26,2,256,100000,batch-64,64,200000,242.45899,16,64,0.048491798,200000,16839334069327478787,3126,8,True,0.093214626,0,0
3,27,2,32,250000,batch-16,16,500000,22.994922,16,16,0.011497461,500000,3711649108370377731,31250,8,True,0.022420463,0,0
3,28,1,256,100000,batch-64,64,100000,374.01817,8,64,0.037401817,100000,8932284092946817025,1563,8,True,0.037354806,0,0
3,29,2,32,250000,shared,1,500000,30.913342,8,1,0.015456671,500000,3711649108370377731,500000,8,True,0.030362217,0,0
4,0,1,32,250000,batch-64,64,250000,52.720164,8,64,0.013180041,250000,7185560759145161217,3907,8,True,0.013127421,0,0
4,1,2,256,100000,batch-16,16,200000,282.131665,16,16,0.056426333,200000,16839334069327478787,12500,8,True,0.099145382,0,0
4,2,1,256,100000,batch-16,16,100000,405.08579,8,16,0.040508579,100000,8932284092946817025,6250,8,True,0.040435362,0,0
4,3,1,256,100000,batch-64,64,100000,409.99442,8,64,0.040999442,100000,8932284092946817025,1563,8,True,0.040699349,0,0
4,4,2,256,100000,packed,1,200000,256.25815,16,1,0.05125163,200000,16839334069327478787,200000,8,True,0.091314445,0,0
4,5,1,0,2000000,shared,1,2000000,9.871775,8,1,0.01974355,2000000,1,2000000,8,True,0.019682578,0,0
4,6,1,32,250000,batch-16,16,250000,46.546832,8,16,0.011636708,250000,7185560759145161217,15625,8,True,0.011594796,0,0
4,7,2,0,2000000,padded,1,4000000,5.3038765,128,1,0.021215506,4000000,3,4000000,64,True,0.039010525,0,0
4,8,2,0,2000000,packed,1,4000000,15.2394645,16,1,0.060957858,4000000,3,4000000,8,True,0.118190453,0,0
4,9,2,0,2000000,batch-64,64,4000000,0.919615,16,64,0.00367846,4000000,3,62500,8,True,0.00713743,0,0
4,10,1,256,100000,padded,1,100000,466.21594,64,1,0.046621594,100000,8932284092946817025,100000,64,True,0.046329308,0,0
4,11,2,0,2000000,batch-16,16,4000000,1.40054275,16,16,0.005602171,4000000,3,250000,8,True,0.009015786,0,0
4,12,2,256,100000,padded,1,200000,207.186845,128,1,0.041437369,200000,16839334069327478787,200000,64,True,0.078660366,0,0
4,13,2,32,250000,shared,1,500000,31.456302,8,1,0.015728151,500000,3711649108370377731,500000,8,True,0.030079554,0,0
4,14,1,0,2000000,padded,1,2000000,10.017105,64,1,0.02003421,2000000,1,2000000,64,True,0.019254868,0,0
4,15,2,0,2000000,shared,1,4000000,15.075139,8,1,0.060300556,4000000,3,4000000,8,True,0.10987342,0,0
4,16,2,32,250000,packed,1,500000,36.095138,16,1,0.018047569,500000,3711649108370377731,500000,8,True,0.032281289,0,0
4,17,1,0,2000000,batch-16,16,2000000,1.102797,8,16,0.002205594,2000000,1,125000,8,True,0.00215778,0,0
4,18,1,32,250000,packed,1,250000,46.865484,8,1,0.011716371,250000,7185560759145161217,250000,8,True,0.01167136,0,0
4,19,2,32,250000,padded,1,500000,33.786146,128,1,0.016893073,500000,3711649108370377731,500000,64,True,0.028790899,0,0
4,20,1,0,2000000,batch-64,64,2000000,0.9977765000000001,8,64,0.001995553,2000000,1,31250,8,True,0.001951287,0,0
4,21,2,256,100000,batch-64,64,200000,231.76677,16,64,0.046353354,200000,16839334069327478787,3126,8,True,0.090460791,0,0
4,22,1,256,100000,packed,1,100000,450.56086,8,1,0.045056086,100000,8932284092946817025,100000,8,True,0.045003529,0,0
4,23,1,256,100000,shared,1,100000,385.95421,8,1,0.038595421,100000,8932284092946817025,100000,8,True,0.038551233,0,0
4,24,1,32,250000,shared,1,250000,46.796344,8,1,0.011699086,250000,7185560759145161217,250000,8,True,0.011639946,0,0
4,25,2,32,250000,batch-64,64,500000,28.981342,16,64,0.014490671,500000,3711649108370377731,7814,8,True,0.028118545,0,0
4,26,2,32,250000,batch-16,16,500000,45.245382,16,16,0.022622691,500000,3711649108370377731,31250,8,True,0.034059793,0,0
4,27,1,32,250000,padded,1,250000,51.861448,64,1,0.012965362,250000,7185560759145161217,250000,64,True,0.012901276,0,0
4,28,2,256,100000,shared,1,200000,238.52539,8,1,0.047705078,200000,16839334069327478787,200000,8,True,0.087732074,0,0
4,29,1,0,2000000,packed,1,2000000,11.503093,8,1,0.023006186,2000000,1,2000000,8,True,0.02294226,0,0
5,0,1,256,100000,batch-64,64,100000,368.56035,8,64,0.036856035,100000,8932284092946817025,1563,8,True,0.036580003,0,0
5,1,2,32,250000,batch-16,16,500000,22.427334,16,16,0.011213667,500000,3711649108370377731,31250,8,True,0.02159137,0,0
5,2,1,32,250000,batch-16,16,250000,46.195516,8,16,0.011548879,250000,7185560759145161217,15625,8,True,0.011504704,0,0
5,3,1,32,250000,shared,1,250000,46.701768,8,1,0.011675442,250000,7185560759145161217,250000,8,True,0.011544164,0,0
5,4,2,32,250000,packed,1,500000,34.543668,16,1,0.017271834,500000,3711649108370377731,500000,8,True,0.033106109,0,0
5,5,2,32,250000,batch-64,64,500000,22.771802,16,64,0.011385901,500000,3711649108370377731,7814,8,True,0.022622933,0,0
5,6,1,0,2000000,batch-64,64,2000000,1.3557435,8,64,0.002711487,2000000,1,31250,8,True,0.002668987,0,0
5,7,2,32,250000,padded,1,500000,25.648154,128,1,0.012824077,500000,3711649108370377731,500000,64,True,0.025310026,0,0
5,8,1,256,100000,batch-16,16,100000,390.25766,8,16,0.039025766,100000,8932284092946817025,6250,8,True,0.038959796,0,0
5,9,2,0,2000000,packed,1,4000000,14.9591325,16,1,0.05983653,4000000,3,4000000,8,True,0.11405594,0,0
5,10,1,32,250000,padded,1,250000,46.60958,64,1,0.011652395,250000,7185560759145161217,250000,64,True,0.011571698,0,0
5,11,2,0,2000000,batch-64,64,4000000,0.88017925,16,64,0.003520717,4000000,3,62500,8,True,0.006556111,0,0
5,12,1,0,2000000,padded,1,2000000,9.311447,64,1,0.018622894,2000000,1,2000000,64,True,0.018560494,0,0
5,13,1,0,2000000,shared,1,2000000,9.978832,8,1,0.019957664,2000000,1,2000000,8,True,0.019906239,0,0
5,14,1,256,100000,shared,1,100000,397.0609,8,1,0.03970609,100000,8932284092946817025,100000,8,True,0.039651414,0,0
5,15,2,0,2000000,shared,1,4000000,14.62196825,8,1,0.058487873,4000000,3,4000000,8,True,0.11460168,0,0
5,16,2,256,100000,shared,1,200000,193.394535,8,1,0.038678907,200000,16839334069327478787,200000,8,True,0.075973,0,0
5,17,1,32,250000,packed,1,250000,47.712176,8,1,0.011928044,250000,7185560759145161217,250000,8,True,0.011872054,0,0
5,18,2,32,250000,shared,1,500000,36.809478,8,1,0.018404739,500000,3711649108370377731,500000,8,True,0.035172785,0,0
5,19,1,256,100000,packed,1,100000,400.694,8,1,0.0400694,100000,8932284092946817025,100000,8,True,0.039962009,0,0
5,20,2,256,100000,padded,1,200000,194.356105,128,1,0.038871221,200000,16839334069327478787,200000,64,True,0.07518838,0,0
5,21,2,0,2000000,padded,1,4000000,7.081119,128,1,0.028324476,4000000,3,4000000,64,True,0.049030978,0,0
5,22,1,32,250000,batch-64,64,250000,46.113636,8,64,0.011528409,250000,7185560759145161217,3907,8,True,0.011444354,0,0
5,23,1,0,2000000,packed,1,2000000,8.9175805,8,1,0.017835161,2000000,1,2000000,8,True,0.017764306,0,0
5,24,1,0,2000000,batch-16,16,2000000,1.8145645,8,16,0.003629129,2000000,1,125000,8,True,0.003503672,0,0
5,25,2,256,100000,packed,1,200000,237.965835,16,1,0.047593167,200000,16839334069327478787,200000,8,True,0.086916809,0,0
5,26,2,256,100000,batch-64,64,200000,388.045925,16,64,0.077609185,200000,16839334069327478787,3126,8,True,0.122323415,0,0
5,27,1,256,100000,padded,1,100000,666.4276800000001,64,1,0.066642768,100000,8932284092946817025,100000,64,True,0.066406797,0,0
5,28,2,0,2000000,batch-16,16,4000000,2.28638725,16,16,0.009145549,4000000,3,250000,8,True,0.013274383,0,0
5,29,2,256,100000,batch-16,16,200000,511.431735,16,16,0.102286347,200000,16839334069327478787,12500,8,True,0.14520854,0,0
6,0,2,256,100000,padded,1,200000,516.928945,128,1,0.103385789,200000,16839334069327478787,200000,64,True,0.148921251,0,0
6,1,2,32,250000,batch-64,64,500000,59.976268,16,64,0.029988134,500000,3711649108370377731,7814,8,True,0.041511631,0,0
6,2,2,32,250000,padded,1,500000,65.608866,128,1,0.032804433,500000,3711649108370377731,500000,64,True,0.041208391,0,0
6,3,2,32,250000,packed,1,500000,42.099436,16,1,0.021049718,500000,3711649108370377731,500000,8,True,0.040517494,0,0
6,4,2,0,2000000,batch-64,64,4000000,0.95040075,16,64,0.003801603,4000000,3,62500,8,True,0.006607547,0,0
6,5,2,256,100000,batch-64,64,200000,205.59406,16,64,0.041118812,200000,16839334069327478787,3126,8,True,0.081292049,0,0
6,6,1,32,250000,packed,1,250000,49.09908,8,1,0.01227477,250000,7185560759145161217,250000,8,True,0.011830525,0,0
6,7,1,32,250000,batch-64,64,250000,46.063752,8,64,0.011515938,250000,7185560759145161217,3907,8,True,0.011403687,0,0
6,8,1,256,100000,shared,1,100000,398.89742,8,1,0.039889742,100000,8932284092946817025,100000,8,True,0.039809883,0,0
6,9,1,32,250000,shared,1,250000,49.944304,8,1,0.012486076,250000,7185560759145161217,250000,8,True,0.012437567,0,0
6,10,1,0,2000000,batch-16,16,2000000,1.287694,8,16,0.002575388,2000000,1,125000,8,True,0.002524661,0,0
6,11,2,0,2000000,batch-16,16,4000000,1.64031575,16,16,0.006561263,4000000,3,250000,8,True,0.012829536,0,0
6,12,1,0,2000000,batch-64,64,2000000,1.0797895,8,64,0.002159579,2000000,1,31250,8,True,0.002118328,0,0
6,13,1,256,100000,packed,1,100000,374.57949,8,1,0.037457949,100000,8932284092946817025,100000,8,True,0.037372087,0,0
6,14,2,256,100000,packed,1,200000,222.31309,16,1,0.044462618,200000,16839334069327478787,200000,8,True,0.084667603,0,0
6,15,1,256,100000,batch-64,64,100000,377.77293,8,64,0.037777293,100000,8932284092946817025,1563,8,True,0.037706151,0,0
6,16,1,256,100000,batch-16,16,100000,472.44825,8,16,0.047244825,100000,8932284092946817025,6250,8,True,0.046801404,0,0
6,17,1,256,100000,padded,1,100000,369.54246,64,1,0.036954246,100000,8932284092946817025,100000,64,True,0.036889043,0,0
6,18,2,32,250000,batch-16,16,500000,23.427862,16,16,0.011713931,500000,3711649108370377731,31250,8,True,0.022682108,0,0
6,19,1,32,250000,padded,1,250000,47.92704,64,1,0.01198176,250000,7185560759145161217,250000,64,True,0.011923516,0,0
6,20,1,0,2000000,shared,1,2000000,10.320806,8,1,0.020641612,2000000,1,2000000,8,True,0.020560055,0,0
6,21,1,32,250000,batch-16,16,250000,47.29818,8,16,0.011824545,250000,7185560759145161217,15625,8,True,0.011776215,0,0
6,22,1,0,2000000,padded,1,2000000,9.6555435,64,1,0.019311087,2000000,1,2000000,64,True,0.019228858,0,0
6,23,2,256,100000,shared,1,200000,224.30797,8,1,0.044861594,200000,16839334069327478787,200000,8,True,0.084450491,0,0
6,24,2,0,2000000,padded,1,4000000,5.6474595,128,1,0.022589838,4000000,3,4000000,64,True,0.042410599,0,0
6,25,2,0,2000000,shared,1,4000000,14.570535,8,1,0.05828214,4000000,3,4000000,8,True,0.111829335,0,0
6,26,1,0,2000000,packed,1,2000000,9.414155,8,1,0.01882831,2000000,1,2000000,8,True,0.018757694,0,0
6,27,2,0,2000000,packed,1,4000000,16.196521750000002,16,1,0.064786087,4000000,3,4000000,8,True,0.124076363,0,0
6,28,2,256,100000,batch-16,16,200000,217.96301,16,16,0.043592602,200000,16839334069327478787,12500,8,True,0.085348141,0,0
6,29,2,32,250000,shared,1,500000,34.295792,8,1,0.017147896,500000,3711649108370377731,500000,8,True,0.033376174,0,0
7,0,2,256,100000,batch-64,64,200000,219.64861,16,64,0.043929722,200000,16839334069327478787,3126,8,True,0.084719477,0,0
7,1,2,0,2000000,padded,1,4000000,6.331136,128,1,0.025324544,4000000,3,4000000,64,True,0.04915902,0,0
7,2,2,256,100000,batch-16,16,200000,196.92264,16,16,0.039384528,200000,16839334069327478787,12500,8,True,0.076824539,0,0
7,3,1,32,250000,padded,1,250000,50.579548,64,1,0.012644887,250000,7185560759145161217,250000,64,True,0.012586351,0,0
7,4,1,256,100000,batch-64,64,100000,376.34691,8,64,0.037634691,100000,8932284092946817025,1563,8,True,0.037497597,0,0
7,5,1,0,2000000,padded,1,2000000,10.272071,64,1,0.020544142,2000000,1,2000000,64,True,0.020441478,0,0
7,6,1,256,100000,shared,1,100000,397.55634,8,1,0.039755634,100000,8932284092946817025,100000,8,True,0.038507537,0,0
7,7,1,0,2000000,shared,1,2000000,9.4644085,8,1,0.018928817,2000000,1,2000000,8,True,0.018828003,0,0
7,8,2,256,100000,shared,1,200000,218.16728,8,1,0.043633456,200000,16839334069327478787,200000,8,True,0.084179663,0,0
7,9,1,32,250000,packed,1,250000,53.158684,8,1,0.013289671,250000,7185560759145161217,250000,8,True,0.01322992,0,0
7,10,2,32,250000,packed,1,500000,38.624912,16,1,0.019312456,500000,3711649108370377731,500000,8,True,0.035695613,0,0
7,11,1,256,100000,packed,1,100000,419.34635,8,1,0.041934635,100000,8932284092946817025,100000,8,True,0.041801304,0,0
7,12,1,256,100000,padded,1,100000,391.2623,64,1,0.03912623,100000,8932284092946817025,100000,64,True,0.03904462,0,0
7,13,1,0,2000000,packed,1,2000000,9.618416,8,1,0.019236832,2000000,1,2000000,8,True,0.019099762,0,0
7,14,2,32,250000,shared,1,500000,34.822756,8,1,0.017411378,500000,3711649108370377731,500000,8,True,0.032332087,0,0
7,15,2,256,100000,padded,1,200000,218.743975,128,1,0.043748795,200000,16839334069327478787,200000,64,True,0.083918158,0,0
7,16,1,32,250000,batch-16,16,250000,51.989648,8,16,0.012997412,250000,7185560759145161217,15625,8,True,0.012943191,0,0
7,17,1,0,2000000,batch-16,16,2000000,1.1723515,8,16,0.002344703,2000000,1,125000,8,True,0.00229039,0,0
7,18,2,0,2000000,shared,1,4000000,14.33595325,8,1,0.057343813,4000000,3,4000000,8,True,0.111503244,0,0
7,19,2,256,100000,packed,1,200000,194.727495,16,1,0.038945499,200000,16839334069327478787,200000,8,True,0.077202246,0,0
7,20,1,0,2000000,batch-64,64,2000000,1.1446895,8,64,0.002289379,2000000,1,31250,8,True,0.002236863,0,0
7,21,1,32,250000,batch-64,64,250000,51.423056,8,64,0.012855764,250000,7185560759145161217,3907,8,True,0.012792632,0,0
7,22,2,0,2000000,packed,1,4000000,16.077004249999998,16,1,0.064308017,4000000,3,4000000,8,True,0.1252725,0,0
7,23,1,256,100000,batch-16,16,100000,483.06214,8,16,0.048306214,100000,8932284092946817025,6250,8,True,0.048237774,0,0
7,24,2,32,250000,padded,1,500000,28.631264,128,1,0.014315632,500000,3711649108370377731,500000,64,True,0.02788004,0,0
7,25,2,32,250000,batch-16,16,500000,27.336094,16,16,0.013668047,500000,3711649108370377731,31250,8,True,0.026407346,0,0
7,26,2,32,250000,batch-64,64,500000,27.953976,16,64,0.013976988,500000,3711649108370377731,7814,8,True,0.027169369,0,0
7,27,2,0,2000000,batch-16,16,4000000,1.7286975,16,16,0.00691479,4000000,3,250000,8,True,0.0112402,0,0
7,28,2,0,2000000,batch-64,64,4000000,0.88530675,16,64,0.003541227,4000000,3,62500,8,True,0.006276681,0,0
7,29,1,32,250000,shared,1,250000,47.42378,8,1,0.011855945,250000,7185560759145161217,250000,8,True,0.011798912,0,0
8,0,2,256,100000,batch-16,16,200000,199.15937,16,16,0.039831874,200000,16839334069327478787,12500,8,True,0.079328795,0,0
8,1,2,256,100000,packed,1,200000,233.611215,16,1,0.046722243,200000,16839334069327478787,200000,8,True,0.090158017,0,0
8,2,1,32,250000,shared,1,250000,47.881192,8,1,0.011970298,250000,7185560759145161217,250000,8,True,0.011912303,0,0
8,3,2,0,2000000,batch-16,16,4000000,1.49033825,16,16,0.005961353,4000000,3,250000,8,True,0.008800483,0,0
8,4,2,0,2000000,batch-64,64,4000000,0.92251025,16,64,0.003690041,4000000,3,62500,8,True,0.007097847,0,0
8,5,2,256,100000,batch-64,64,200000,217.65065,16,64,0.04353013,200000,16839334069327478787,3126,8,True,0.081544345,0,0
8,6,1,0,2000000,packed,1,2000000,9.667679,8,1,0.019335358,2000000,1,2000000,8,True,0.01922214,0,0
8,7,2,0,2000000,packed,1,4000000,14.06660975,16,1,0.056266439,4000000,3,4000000,8,True,0.108426513,0,0
8,8,1,256,100000,packed,1,100000,417.67523,8,1,0.041767523,100000,8932284092946817025,100000,8,True,0.041650369,0,0
8,9,1,256,100000,batch-64,64,100000,430.15205,8,64,0.043015205,100000,8932284092946817025,1563,8,True,0.042902635,0,0
8,10,1,0,2000000,padded,1,2000000,9.4936215,64,1,0.018987243,2000000,1,2000000,64,True,0.018906807,0,0
8,11,1,0,2000000,batch-16,16,2000000,1.113909,8,16,0.002227818,2000000,1,125000,8,True,0.002184463,0,0
8,12,2,0,2000000,padded,1,4000000,5.14460625,128,1,0.020578425,4000000,3,4000000,64,True,0.040946462,0,0
8,13,1,256,100000,batch-16,16,100000,405.17287,8,16,0.040517287,100000,8932284092946817025,6250,8,True,0.040415433,0,0
8,14,1,256,100000,padded,1,100000,431.78542,64,1,0.043178542,100000,8932284092946817025,100000,64,True,0.042841471,0,0
8,15,2,0,2000000,shared,1,4000000,15.09831525,8,1,0.060393261,4000000,3,4000000,8,True,0.093903084,0,0
8,16,1,32,250000,packed,1,250000,48.956204,8,1,0.012239051,250000,7185560759145161217,250000,8,True,0.012071779,0,0
8,17,2,32,250000,packed,1,500000,31.364654,16,1,0.015682327,500000,3711649108370377731,500000,8,True,0.030864135,0,0
8,18,1,32,250000,batch-64,64,250000,50.262232,8,64,0.012565558,250000,7185560759145161217,3907,8,True,0.012504934,0,0
8,19,2,256,100000,shared,1,200000,247.581105,8,1,0.049516221,200000,16839334069327478787,200000,8,True,0.090057004,0,0
8,20,1,32,250000,padded,1,250000,51.590188,64,1,0.012897547,250000,7185560759145161217,250000,64,True,0.012804774,0,0
8,21,2,32,250000,batch-64,64,500000,28.853754,16,64,0.014426877,500000,3711649108370377731,7814,8,True,0.025801468,0,0
8,22,1,32,250000,batch-16,16,250000,47.171412,8,16,0.011792853,250000,7185560759145161217,15625,8,True,0.011736293,0,0
8,23,2,32,250000,batch-16,16,500000,28.89016,16,16,0.01444508,500000,3711649108370377731,31250,8,True,0.028050532,0,0
8,24,1,256,100000,shared,1,100000,435.45618,8,1,0.043545618,100000,8932284092946817025,100000,8,True,0.042963944,0,0
8,25,2,32,250000,padded,1,500000,48.532408,128,1,0.024266204,500000,3711649108370377731,500000,64,True,0.036576549,0,0
8,26,1,0,2000000,shared,1,2000000,10.238767,8,1,0.020477534,2000000,1,2000000,8,True,0.020383794,0,0
8,27,2,256,100000,padded,1,200000,535.86052,128,1,0.107172104,200000,16839334069327478787,200000,64,True,0.147532895,0,0
8,28,2,32,250000,shared,1,500000,68.822022,8,1,0.034411011,500000,3711649108370377731,500000,8,True,0.05044387,0,0
8,29,1,0,2000000,batch-64,64,2000000,1.0362205,8,64,0.002072441,2000000,1,31250,8,True,0.002030651,0,0
