ident,client,arrival,row
0,0,32.26612443660115,0
1,0,54.35984237654144,0
2,0,78.63043568938804,0
3,0,109.44160182622258,0
4,0,132.87992872587913,0
5,0,166.67463797056718,0
6,0,185.43874623616006,0
7,0,212.27960215636801,0
8,0,246.11351229960576,13
9,0,272.55916208479647,0
10,0,286.929482356616,0
11,0,319.3408541868381,0
12,0,344.77638248319573,0
13,0,364.36510327171396,0
14,0,381.2725692601008,0
15,0,403.897209879613,0
16,0,417.3919199921301,0
17,0,451.3757875206953,0
18,0,483.5379767180252,0
19,0,514.3791229489887,0
20,0,541.0646529845282,0
21,0,561.0598962794666,0
22,0,589.947317387439,0
23,0,623.9557726461978,0
24,0,655.2360539457067,0
25,0,680.2678129302669,0
26,0,716.1051302158144,0
27,0,752.0564493618814,0
28,0,771.2911723727672,0
29,0,786.2866295238417,0
30,0,820.4206230672789,0
31,0,851.6068737425732,0
32,0,870.510648083618,0
33,0,901.661088547322,0
34,0,919.4716602697692,0
35,0,951.1868734231427,0
36,0,986.7380671950998,0
37,0,1000.3961131587133,0
38,0,1015.5214999708228,0
39,0,1028.4488976706189,0
40,1,143.91873650826432,28
41,1,304.46256425532624,24
42,1,427.0773763418149,23
43,1,589.015692164179,29
44,1,718.5790934536517,30
45,1,837.6977398311961,27
46,1,907.5824984147938,19
47,1,1025.9558026510938,26
