policy,ident,client,arrival,start,finish,row,row_hit,latency
fcfs,0,0,32.26612443660115,32.26612443660115,68.26612443660116,0,False,36.00000000000001
fcfs,1,0,54.35984237654144,68.26612443660116,80.26612443660116,0,True,25.906282060059723
fcfs,2,0,78.63043568938804,80.26612443660116,92.26612443660116,0,True,13.635688747213123
fcfs,3,0,109.44160182622258,109.44160182622258,121.44160182622258,0,True,12.0
fcfs,4,0,132.87992872587913,132.87992872587913,144.87992872587913,0,True,12.0
fcfs,40,1,143.91873650826432,144.87992872587913,180.87992872587913,28,False,36.96119221761481
fcfs,5,0,166.67463797056718,180.87992872587913,216.87992872587913,0,False,50.20529075531195
fcfs,6,0,185.43874623616006,216.87992872587913,228.87992872587913,0,True,43.44118248971907
fcfs,7,0,212.27960215636801,228.87992872587913,240.87992872587913,0,True,28.60032656951111
fcfs,8,0,246.11351229960576,246.11351229960576,282.11351229960576,13,False,36.0
fcfs,9,0,272.55916208479647,282.11351229960576,318.11351229960576,0,False,45.55435021480929
fcfs,10,0,286.929482356616,318.11351229960576,330.11351229960576,0,True,43.18402994298975
fcfs,41,1,304.46256425532624,330.11351229960576,366.11351229960576,24,False,61.65094804427952
fcfs,11,0,319.3408541868381,366.11351229960576,402.11351229960576,0,False,82.77265811276766
fcfs,12,0,344.77638248319573,402.11351229960576,414.11351229960576,0,True,69.33712981641003
fcfs,13,0,364.36510327171396,414.11351229960576,426.11351229960576,0,True,61.748409027891796
fcfs,14,0,381.2725692601008,426.11351229960576,438.11351229960576,0,True,56.840943039504964
fcfs,15,0,403.897209879613,438.11351229960576,450.11351229960576,0,True,46.21630241999276
fcfs,16,0,417.3919199921301,450.11351229960576,462.11351229960576,0,True,44.721592307475646
fcfs,42,1,427.0773763418149,462.11351229960576,498.11351229960576,23,False,71.03613595779086
fcfs,17,0,451.3757875206953,498.11351229960576,534.1135122996058,0,False,82.73772477891043
fcfs,18,0,483.5379767180252,534.1135122996058,546.1135122996058,0,True,62.57553558158054
fcfs,19,0,514.3791229489887,546.1135122996058,558.1135122996058,0,True,43.73438935061711
fcfs,20,0,541.0646529845282,558.1135122996058,570.1135122996058,0,True,29.048859315077607
fcfs,21,0,561.0598962794666,570.1135122996058,582.1135122996058,0,True,21.053616020139202
fcfs,43,1,589.015692164179,589.015692164179,625.015692164179,29,False,36.0
fcfs,22,0,589.947317387439,625.015692164179,661.015692164179,0,False,71.06837477673992
fcfs,23,0,623.9557726461978,661.015692164179,673.015692164179,0,True,49.05991951798114
fcfs,24,0,655.2360539457067,673.015692164179,685.015692164179,0,True,29.779638218472314
fcfs,25,0,680.2678129302669,685.015692164179,697.015692164179,0,True,16.747879233912045
fcfs,26,0,716.1051302158144,716.1051302158144,728.1051302158144,0,True,12.0
fcfs,44,1,718.5790934536517,728.1051302158144,764.1051302158144,30,False,45.526036762162676
fcfs,27,0,752.0564493618814,764.1051302158144,800.1051302158144,0,False,48.04868085393298
fcfs,28,0,771.2911723727672,800.1051302158144,812.1051302158144,0,True,40.813957843047206
fcfs,29,0,786.2866295238417,812.1051302158144,824.1051302158144,0,True,37.818500691972645
fcfs,30,0,820.4206230672789,824.1051302158144,836.1051302158144,0,True,15.684507148535431
fcfs,45,1,837.6977398311961,837.6977398311961,873.6977398311961,27,False,36.0
fcfs,31,0,851.6068737425732,873.6977398311961,909.6977398311961,0,False,58.09086608862299
fcfs,32,0,870.510648083618,909.6977398311961,921.6977398311961,0,True,51.187091747578165
fcfs,33,0,901.661088547322,921.6977398311961,933.6977398311961,0,True,32.03665128387411
fcfs,46,1,907.5824984147938,933.6977398311961,969.6977398311961,19,False,62.11524141640234
fcfs,34,0,919.4716602697692,969.6977398311961,1005.6977398311961,0,False,86.2260795614269
fcfs,35,0,951.1868734231427,1005.6977398311961,1017.6977398311961,0,True,66.5108664080534
fcfs,36,0,986.7380671950998,1017.6977398311961,1029.697739831196,0,True,42.95967263609623
fcfs,37,0,1000.3961131587133,1029.697739831196,1041.697739831196,0,True,41.30162667248271
fcfs,38,0,1015.5214999708228,1041.697739831196,1053.697739831196,0,True,38.176239860373244
fcfs,47,1,1025.9558026510938,1053.697739831196,1089.697739831196,26,False,63.74193718010224
fcfs,39,0,1028.4488976706189,1089.697739831196,1125.697739831196,0,False,97.24884216057717
row-first,0,0,32.26612443660115,32.26612443660115,68.26612443660116,0,False,36.00000000000001
row-first,1,0,54.35984237654144,68.26612443660116,80.26612443660116,0,True,25.906282060059723
row-first,2,0,78.63043568938804,80.26612443660116,92.26612443660116,0,True,13.635688747213123
row-first,3,0,109.44160182622258,109.44160182622258,121.44160182622258,0,True,12.0
row-first,4,0,132.87992872587913,132.87992872587913,144.87992872587913,0,True,12.0
row-first,40,1,143.91873650826432,144.87992872587913,180.87992872587913,28,False,36.96119221761481
row-first,5,0,166.67463797056718,180.87992872587913,216.87992872587913,0,False,50.20529075531195
row-first,6,0,185.43874623616006,216.87992872587913,228.87992872587913,0,True,43.44118248971907
row-first,7,0,212.27960215636801,228.87992872587913,240.87992872587913,0,True,28.60032656951111
row-first,8,0,246.11351229960576,246.11351229960576,282.11351229960576,13,False,36.0
row-first,9,0,272.55916208479647,282.11351229960576,318.11351229960576,0,False,45.55435021480929
row-first,10,0,286.929482356616,318.11351229960576,330.11351229960576,0,True,43.18402994298975
row-first,11,0,319.3408541868381,330.11351229960576,342.11351229960576,0,True,22.772658112767658
row-first,41,1,304.46256425532624,342.11351229960576,378.11351229960576,24,False,73.65094804427952
row-first,12,0,344.77638248319573,378.11351229960576,414.11351229960576,0,False,69.33712981641003
row-first,13,0,364.36510327171396,414.11351229960576,426.11351229960576,0,True,61.748409027891796
row-first,14,0,381.2725692601008,426.11351229960576,438.11351229960576,0,True,56.840943039504964
row-first,15,0,403.897209879613,438.11351229960576,450.11351229960576,0,True,46.21630241999276
row-first,16,0,417.3919199921301,450.11351229960576,462.11351229960576,0,True,44.721592307475646
row-first,17,0,451.3757875206953,462.11351229960576,474.11351229960576,0,True,22.737724778910433
row-first,42,1,427.0773763418149,474.11351229960576,510.11351229960576,23,False,83.03613595779086
row-first,18,0,483.5379767180252,510.11351229960576,546.1135122996058,0,False,62.57553558158054
row-first,19,0,514.3791229489887,546.1135122996058,558.1135122996058,0,True,43.73438935061711
row-first,20,0,541.0646529845282,558.1135122996058,570.1135122996058,0,True,29.048859315077607
row-first,21,0,561.0598962794666,570.1135122996058,582.1135122996058,0,True,21.053616020139202
row-first,43,1,589.015692164179,589.015692164179,625.015692164179,29,False,36.0
row-first,22,0,589.947317387439,625.015692164179,661.015692164179,0,False,71.06837477673992
row-first,23,0,623.9557726461978,661.015692164179,673.015692164179,0,True,49.05991951798114
row-first,24,0,655.2360539457067,673.015692164179,685.015692164179,0,True,29.779638218472314
row-first,25,0,680.2678129302669,685.015692164179,697.015692164179,0,True,16.747879233912045
row-first,26,0,716.1051302158144,716.1051302158144,728.1051302158144,0,True,12.0
row-first,44,1,718.5790934536517,728.1051302158144,764.1051302158144,30,False,45.526036762162676
row-first,27,0,752.0564493618814,764.1051302158144,800.1051302158144,0,False,48.04868085393298
row-first,28,0,771.2911723727672,800.1051302158144,812.1051302158144,0,True,40.813957843047206
row-first,29,0,786.2866295238417,812.1051302158144,824.1051302158144,0,True,37.818500691972645
row-first,30,0,820.4206230672789,824.1051302158144,836.1051302158144,0,True,15.684507148535431
row-first,45,1,837.6977398311961,837.6977398311961,873.6977398311961,27,False,36.0
row-first,31,0,851.6068737425732,873.6977398311961,909.6977398311961,0,False,58.09086608862299
row-first,32,0,870.510648083618,909.6977398311961,921.6977398311961,0,True,51.187091747578165
row-first,33,0,901.661088547322,921.6977398311961,933.6977398311961,0,True,32.03665128387411
row-first,34,0,919.4716602697692,933.6977398311961,945.6977398311961,0,True,26.2260795614269
row-first,46,1,907.5824984147938,945.6977398311961,981.6977398311961,19,False,74.11524141640234
row-first,35,0,951.1868734231427,981.6977398311961,1017.6977398311961,0,False,66.5108664080534
row-first,36,0,986.7380671950998,1017.6977398311961,1029.697739831196,0,True,42.95967263609623
row-first,37,0,1000.3961131587133,1029.697739831196,1041.697739831196,0,True,41.30162667248271
row-first,38,0,1015.5214999708228,1041.697739831196,1053.697739831196,0,True,38.176239860373244
row-first,39,0,1028.4488976706189,1053.697739831196,1065.697739831196,0,True,37.24884216057717
row-first,47,1,1025.9558026510938,1065.697739831196,1101.697739831196,26,False,75.74193718010224
age-bounded,0,0,32.26612443660115,32.26612443660115,68.26612443660116,0,False,36.00000000000001
age-bounded,1,0,54.35984237654144,68.26612443660116,80.26612443660116,0,True,25.906282060059723
age-bounded,2,0,78.63043568938804,80.26612443660116,92.26612443660116,0,True,13.635688747213123
age-bounded,3,0,109.44160182622258,109.44160182622258,121.44160182622258,0,True,12.0
age-bounded,4,0,132.87992872587913,132.87992872587913,144.87992872587913,0,True,12.0
age-bounded,40,1,143.91873650826432,144.87992872587913,180.87992872587913,28,False,36.96119221761481
age-bounded,5,0,166.67463797056718,180.87992872587913,216.87992872587913,0,False,50.20529075531195
age-bounded,6,0,185.43874623616006,216.87992872587913,228.87992872587913,0,True,43.44118248971907
age-bounded,7,0,212.27960215636801,228.87992872587913,240.87992872587913,0,True,28.60032656951111
age-bounded,8,0,246.11351229960576,246.11351229960576,282.11351229960576,13,False,36.0
age-bounded,9,0,272.55916208479647,282.11351229960576,318.11351229960576,0,False,45.55435021480929
age-bounded,10,0,286.929482356616,318.11351229960576,330.11351229960576,0,True,43.18402994298975
age-bounded,11,0,319.3408541868381,330.11351229960576,342.11351229960576,0,True,22.772658112767658
age-bounded,41,1,304.46256425532624,342.11351229960576,378.11351229960576,24,False,73.65094804427952
age-bounded,12,0,344.77638248319573,378.11351229960576,414.11351229960576,0,False,69.33712981641003
age-bounded,13,0,364.36510327171396,414.11351229960576,426.11351229960576,0,True,61.748409027891796
age-bounded,14,0,381.2725692601008,426.11351229960576,438.11351229960576,0,True,56.840943039504964
age-bounded,15,0,403.897209879613,438.11351229960576,450.11351229960576,0,True,46.21630241999276
age-bounded,16,0,417.3919199921301,450.11351229960576,462.11351229960576,0,True,44.721592307475646
age-bounded,17,0,451.3757875206953,462.11351229960576,474.11351229960576,0,True,22.737724778910433
age-bounded,42,1,427.0773763418149,474.11351229960576,510.11351229960576,23,False,83.03613595779086
age-bounded,18,0,483.5379767180252,510.11351229960576,546.1135122996058,0,False,62.57553558158054
age-bounded,19,0,514.3791229489887,546.1135122996058,558.1135122996058,0,True,43.73438935061711
age-bounded,20,0,541.0646529845282,558.1135122996058,570.1135122996058,0,True,29.048859315077607
age-bounded,21,0,561.0598962794666,570.1135122996058,582.1135122996058,0,True,21.053616020139202
age-bounded,43,1,589.015692164179,589.015692164179,625.015692164179,29,False,36.0
age-bounded,22,0,589.947317387439,625.015692164179,661.015692164179,0,False,71.06837477673992
age-bounded,23,0,623.9557726461978,661.015692164179,673.015692164179,0,True,49.05991951798114
age-bounded,24,0,655.2360539457067,673.015692164179,685.015692164179,0,True,29.779638218472314
age-bounded,25,0,680.2678129302669,685.015692164179,697.015692164179,0,True,16.747879233912045
age-bounded,26,0,716.1051302158144,716.1051302158144,728.1051302158144,0,True,12.0
age-bounded,44,1,718.5790934536517,728.1051302158144,764.1051302158144,30,False,45.526036762162676
age-bounded,27,0,752.0564493618814,764.1051302158144,800.1051302158144,0,False,48.04868085393298
age-bounded,28,0,771.2911723727672,800.1051302158144,812.1051302158144,0,True,40.813957843047206
age-bounded,29,0,786.2866295238417,812.1051302158144,824.1051302158144,0,True,37.818500691972645
age-bounded,30,0,820.4206230672789,824.1051302158144,836.1051302158144,0,True,15.684507148535431
age-bounded,45,1,837.6977398311961,837.6977398311961,873.6977398311961,27,False,36.0
age-bounded,31,0,851.6068737425732,873.6977398311961,909.6977398311961,0,False,58.09086608862299
age-bounded,32,0,870.510648083618,909.6977398311961,921.6977398311961,0,True,51.187091747578165
age-bounded,33,0,901.661088547322,921.6977398311961,933.6977398311961,0,True,32.03665128387411
age-bounded,34,0,919.4716602697692,933.6977398311961,945.6977398311961,0,True,26.2260795614269
age-bounded,46,1,907.5824984147938,945.6977398311961,981.6977398311961,19,False,74.11524141640234
age-bounded,35,0,951.1868734231427,981.6977398311961,1017.6977398311961,0,False,66.5108664080534
age-bounded,36,0,986.7380671950998,1017.6977398311961,1029.697739831196,0,True,42.95967263609623
age-bounded,37,0,1000.3961131587133,1029.697739831196,1041.697739831196,0,True,41.30162667248271
age-bounded,38,0,1015.5214999708228,1041.697739831196,1053.697739831196,0,True,38.176239860373244
age-bounded,39,0,1028.4488976706189,1053.697739831196,1065.697739831196,0,True,37.24884216057717
age-bounded,47,1,1025.9558026510938,1065.697739831196,1101.697739831196,26,False,75.74193718010224
