seed,locality,interval,policy,requests,duration,throughput,hit_rate,mean_latency,sensitive_mean,sensitive_p95,sensitive_max
0,0.5,8,fcfs,1200,38184.0,0.03142677561282212,0.17416666666666666,15095.070201691173,14741.490897148866,27761.46054011319,29433.914630023166
0,0.5,8,row-first,1200,15864.0,0.07564296520423601,0.9491666666666667,4063.750201691172,5577.570897148867,10364.107777616418,12121.72552177241
0,0.5,8,age-64,1200,38184.0,0.03142677561282212,0.17416666666666666,15095.070201691173,14741.490897148866,27761.46054011319,29433.914630023166
0,0.5,8,age-256,1200,38016.0,0.03156565656565657,0.18,14927.390201691172,14579.010897148866,27593.46054011319,29265.914630023166
0,0.5,24,fcfs,1200,38184.0,0.03142677561282212,0.17416666666666666,7136.170605073513,6970.952691446596,13012.381620339555,13781.743890069494
0,0.5,24,row-first,1200,24672.0,0.048638132295719845,0.6433333333333333,524.1906050735123,702.9326914465956,1109.3638583030179,1182.351365346065
0,0.5,24,age-64,1200,38160.0,0.031446540880503145,0.175,7112.230605073512,6947.192691446596,12988.381620339555,13757.743890069494
0,0.5,24,age-256,1200,38016.0,0.03156565656565657,0.18,6970.630605073513,6806.972691446596,12844.381620339555,13613.743890069494
0,0.5,64,fcfs,1200,64564.45027036392,0.018586079413283853,0.17416666666666666,36.065697090927905,42.668710368651645,67.5533315575376,70.2424978876661
0,0.5,64,row-first,1200,64564.45027036392,0.018586079413283853,0.175,36.020072448135586,42.72871036865165,67.5533315575376,70.2424978876661
0,0.5,64,age-64,1200,64564.45027036392,0.018586079413283853,0.175,36.020072448135586,42.72871036865165,67.5533315575376,70.2424978876661
0,0.5,64,age-256,1200,64564.45027036392,0.018586079413283853,0.175,36.020072448135586,42.72871036865165,67.5533315575376,70.2424978876661
0,0.95,8,fcfs,1200,25440.0,0.04716981132075472,0.6166666666666667,8615.460585918796,8934.54273933518,16824.805957362223,17266.97791139051
0,0.95,8,row-first,1200,15144.0,0.07923930269413629,0.9741666666666666,3227.800585918795,8921.40273933518,12613.38708385433,13054.314145120634
0,0.95,8,age-64,1200,25440.0,0.04716981132075472,0.6166666666666667,8615.380585918796,8934.662739335181,16824.805957362223,17266.97791139051
0,0.95,8,age-256,1200,25296.0,0.04743833017077799,0.6216666666666667,8472.880585918796,8793.60273933518,16680.805957362223,17122.97791139051
0,0.95,24,fcfs,1200,25541.394964110717,0.04698255524751761,0.6166666666666667,597.489304883139,615.9617178971492,1273.907895066568,1329.5517269178818
0,0.95,24,row-first,1200,24761.42783210977,0.04846247187910065,0.6666666666666666,63.00380206220877,103.49439623730673,203.5648969795393,264.57377707434625
0,0.95,24,age-64,1200,25496.143331950316,0.04706594187114677,0.6183333333333333,555.0828359387767,575.562732631183,1228.6562629061664,1284.30009475748
0,0.95,24,age-256,1200,24761.42783210977,0.04846247187910065,0.6666666666666666,63.00380206220877,103.49439623730673,203.5648969795393,264.57377707434625
0,0.95,64,fcfs,1200,65970.47421895945,0.01818995564617494,0.6166666666666667,23.595688193810695,37.265439523117465,44.149627356484416,67.25202196266127
0,0.95,64,row-first,1200,65970.47421895945,0.01818995564617494,0.6166666666666667,23.595688193810695,37.265439523117465,44.149627356484416,67.25202196266127
0,0.95,64,age-64,1200,65970.47421895945,0.01818995564617494,0.6166666666666667,23.595688193810695,37.265439523117465,44.149627356484416,67.25202196266127
0,0.95,64,age-256,1200,65970.47421895945,0.01818995564617494,0.6166666666666667,23.595688193810695,37.265439523117465,44.149627356484416,67.25202196266127
1,0.5,8,fcfs,1200,37584.0,0.031928480204342274,0.195,15000.283117573112,15084.888621502567,27938.62813213127,29471.693470734037
1,0.5,8,row-first,1200,15936.0,0.07530120481927711,0.9466666666666667,4045.643117573112,4874.448621502568,9672.58164561132,10193.197472500846
1,0.5,8,age-64,1200,37584.0,0.031928480204342274,0.195,15000.283117573112,15084.888621502567,27938.62813213127,29471.693470734037
1,0.5,8,age-256,1200,37368.0,0.03211303789338472,0.2025,14785.323117573113,14875.308621502567,27722.62813213127,29255.693470734037
1,0.5,24,fcfs,1200,37584.0,0.031928480204342274,0.195,6989.249352719327,7029.145864507705,12799.884396393816,13583.080412202122
1,0.5,24,row-first,1200,24624.0,0.04873294346978557,0.645,473.509352719327,630.0858645077043,988.3583728788653,1067.4756167208989
1,0.5,24,age-64,1200,37584.0,0.031928480204342274,0.195,6989.249352719327,7029.145864507705,12799.884396393816,13583.080412202122
1,0.5,24,age-256,1200,37296.0,0.032175032175032175,0.205,6708.729352719328,6750.2658645077045,12511.884396393816,13295.080412202122
1,0.5,64,fcfs,1200,63867.82588424999,0.018788803022272968,0.195,35.43499870774405,43.16966006172601,68.05060656568094,71.06100218040592
1,0.5,64,row-first,1200,63867.82588424999,0.018788803022272968,0.195,35.43499870774405,43.16966006172601,68.05060656568094,71.06100218040592
1,0.5,64,age-64,1200,63867.82588424999,0.018788803022272968,0.195,35.43499870774405,43.16966006172601,68.05060656568094,71.06100218040592
1,0.5,64,age-256,1200,63867.82588424999,0.018788803022272968,0.195,35.43499870774405,43.16966006172601,68.05060656568094,71.06100218040592
1,0.95,8,fcfs,1200,25632.0,0.04681647940074907,0.61,9025.687878237823,8898.122653436581,16544.99534223131,17400.633476893883
1,0.95,8,row-first,1200,15120.0,0.07936507936507936,0.975,3255.4478782378233,9100.142653436582,12802.472912931487,13130.089763081625
1,0.95,8,age-64,1200,25632.0,0.04681647940074907,0.61,9025.607878237823,8898.242653436582,16544.99534223131,17400.633476893883
1,0.95,8,age-256,1200,25560.0,0.046948356807511735,0.6125,8953.567878237824,8829.362653436583,16472.99534223131,17328.633476893883
1,0.95,24,fcfs,1200,25714.357433036977,0.04666653651077739,0.61,1044.9457234603517,1040.1692723137096,1665.5522919972173,1694.2027871039463
1,0.95,24,row-first,1200,24364.555610050797,0.04925187305714615,0.6725,64.09306383394639,112.27690258551469,218.4828570856498,350.8212765551252
1,0.95,24,age-64,1200,25690.357433036977,0.046710132512864086,0.6108333333333333,1021.6657234603517,1017.3092723137095,1641.5522919972173,1670.2027871039463
1,0.95,24,age-256,1200,24364.555610050797,0.04925187305714615,0.6725,64.41306383394638,111.55690258551469,215.66380078241673,302.8212765551252
1,0.95,64,fcfs,1200,64952.14829346886,0.018475139491585742,0.61,23.821191870448217,38.24743558238836,47.57786756931273,70.47602235979866
1,0.95,64,row-first,1200,64952.14829346886,0.018475139491585742,0.61,23.79483911188717,38.30743558238836,47.80047337655503,70.47602235979866
1,0.95,64,age-64,1200,64952.14829346886,0.018475139491585742,0.61,23.79483911188717,38.30743558238836,47.80047337655503,70.47602235979866
1,0.95,64,age-256,1200,64952.14829346886,0.018475139491585742,0.61,23.79483911188717,38.30743558238836,47.80047337655503,70.47602235979866
2,0.5,8,fcfs,1200,38159.99999999999,0.03144654088050315,0.175,15082.90504239179,15466.779990784908,28747.389940702295,30242.97900604311
2,0.5,8,row-first,1200,16104.0,0.07451564828614009,0.9408333333333333,4219.885042391792,4485.3999907849075,9565.298832239176,10129.777948253684
2,0.5,8,age-64,1200,38159.99999999999,0.03144654088050315,0.175,15082.74504239179,15466.839990784907,28747.389940702295,30242.97900604311
2,0.5,8,age-256,1200,38015.99999999999,0.031565656565656575,0.18,14939.505042391791,15324.519990784907,28603.389940702295,30098.97900604311
2,0.5,24,fcfs,1200,38160.0,0.031446540880503145,0.175,7187.835127175379,7370.939972354717,13762.16982210687,14426.162725241094
2,0.5,24,row-first,1200,24312.0,0.049358341559723594,0.6558333333333334,541.8551271753786,713.3399723547161,1153.9357029986877,1274.5708392552515
2,0.5,24,age-64,1200,38136.0,0.03146633102580239,0.17583333333333334,7163.895127175379,7346.939972354717,13738.16982210687,14402.162725241094
2,0.5,24,age-256,1200,38016.0,0.03156565656565657,0.18,7045.335127175379,7228.559972354717,13618.16982210687,14282.162725241094
2,0.5,64,fcfs,1200,63372.16795165507,0.01893575742769993,0.175,36.43256132645622,44.47738875631014,68.86207147749519,71.96106365571177
2,0.5,64,row-first,1200,63372.16795165507,0.01893575742769993,0.17583333333333334,36.376545556887656,44.53738875631014,68.86207147749519,71.96106365571177
2,0.5,64,age-64,1200,63372.16795165507,0.01893575742769993,0.17583333333333334,36.376545556887656,44.53738875631014,68.86207147749519,71.96106365571177
2,0.5,64,age-256,1200,63372.16795165507,0.01893575742769993,0.17583333333333334,36.376545556887656,44.53738875631014,68.86207147749519,71.96106365571177
2,0.95,8,fcfs,1200,25704.0,0.04668534080298786,0.6075,8765.163231773011,8904.23589142956,17044.725432438176,17499.043094383844
2,0.95,8,row-first,1200,15168.0,0.07911392405063292,0.9733333333333334,3266.0432317730106,8997.95589142956,12517.034925721162,13171.177283267833
2,0.95,8,age-64,1200,25680.0,0.04672897196261682,0.6083333333333333,8741.24323177301,8880.47589142956,17020.725432438176,17475.043094383844
2,0.95,8,age-256,1200,25584.0,0.04690431519699812,0.6116666666666667,8645.36323177301,8788.01589142956,16924.725432438176,17379.043094383844
2,0.95,24,fcfs,1200,25734.112532832078,0.0466307123849333,0.6075,739.551349373511,744.2202071207616,1407.2418159836052,1499.8707827309336
2,0.95,24,row-first,1200,24787.64904083023,0.04841120664663919,0.6616666666666666,63.28980277835451,105.21791496169382,190.21170824774163,248.7941455133623
2,0.95,24,age-64,1200,25674.574343329732,0.04673884692120556,0.6108333333333333,681.5990794176013,687.725854250997,1347.7036264812596,1440.332593228588
2,0.95,24,age-256,1200,24787.64904083023,0.04841120664663919,0.6616666666666666,63.28980277835451,105.21791496169382,190.21170824774163,248.7941455133623
2,0.95,64,fcfs,1200,66040.39744221396,0.01817069621741772,0.6075,24.085289634297208,37.68816283147112,45.32079838984646,70.44905945145729
2,0.95,64,row-first,1200,66040.39744221396,0.01817069621741772,0.6075,24.005289634297206,37.86816283147112,45.32079838984646,82.44905945145729
2,0.95,64,age-64,1200,66040.39744221396,0.01817069621741772,0.6075,24.005289634297206,37.86816283147112,45.32079838984646,82.44905945145729
2,0.95,64,age-256,1200,66040.39744221396,0.01817069621741772,0.6075,24.005289634297206,37.86816283147112,45.32079838984646,82.44905945145729
3,0.5,8,fcfs,1200,37848.0,0.03170577045022194,0.18583333333333332,14966.593734884054,15215.009806500027,29312.791406554657,29722.748776451324
3,0.5,8,row-first,1200,16128.0,0.0744047619047619,0.94,4168.733734884054,5275.349806500027,9765.396337762166,10416.576915796806
3,0.5,8,age-64,1200,37824.0,0.031725888324873094,0.18666666666666668,14942.633734884055,15191.009806500027,29288.791406554657,29698.748776451324
3,0.5,8,age-256,1200,37680.0,0.03184713375796178,0.19166666666666668,14799.493734884054,15050.129806500026,29144.791406554657,29554.748776451324
3,0.5,24,fcfs,1200,37848.0,0.03170577045022194,0.18583333333333332,7052.901204652165,7158.869419500084,13574.022471127435,13996.936241389543
3,0.5,24,row-first,1200,24587.353711044343,0.0488055776193993,0.6508333333333334,538.7106660780346,686.3661880553059,1042.7701352742515,1240.4201315279533
3,0.5,24,age-64,1200,37848.0,0.03170577045022194,0.18583333333333332,7052.901204652165,7158.869419500084,13574.022471127435,13996.936241389543
3,0.5,24,age-256,1200,37752.0,0.03178639542275906,0.18916666666666668,6958.321204652165,7065.209419500085,13478.022471127435,13900.936241389543
3,0.5,64,fcfs,1200,65506.27656278492,0.018318855275644495,0.18583333333333332,35.711162699563204,43.65660591793955,68.13493159629434,71.76242809625182
3,0.5,64,row-first,1200,65506.27656278492,0.018318855275644495,0.18583333333333332,35.711162699563204,43.65660591793955,68.13493159629434,71.76242809625182
3,0.5,64,age-64,1200,65506.27656278492,0.018318855275644495,0.18583333333333332,35.711162699563204,43.65660591793955,68.13493159629434,71.76242809625182
3,0.5,64,age-256,1200,65506.27656278492,0.018318855275644495,0.18583333333333332,35.711162699563204,43.65660591793955,68.13493159629434,71.76242809625182
3,0.95,8,fcfs,1200,25512.0,0.047036688617121354,0.6141666666666666,8798.957665471453,8808.56587785864,16684.022323252866,17459.80993701401
3,0.95,8,row-first,1200,15144.0,0.07923930269413629,0.9741666666666666,3316.817665471453,9096.92587785864,12656.77848503688,13236.708049284773
3,0.95,8,age-64,1200,25512.0,0.047036688617121354,0.6141666666666666,8798.877665471453,8808.68587785864,16684.022323252866,17459.80993701401
3,0.95,8,age-256,1200,25344.0,0.04734848484848485,0.62,8633.637665471453,8644.16587785864,16516.022323252866,17291.80993701401
3,0.95,24,fcfs,1200,25542.393318201986,0.04698071887981059,0.6141666666666666,884.3503896188871,886.7402366272505,1698.4602879605773,1770.471908529351
3,0.95,24,row-first,1200,23929.646105289292,0.050147001536088656,0.68,64.22288518702172,109.33904554164558,208.14901588798602,291.8825429911667
3,0.95,24,age-64,1200,25518.393318201986,0.047024904155860525,0.615,861.3903896188872,864.3602366272505,1674.4602879605773,1746.471908529351
3,0.95,24,age-256,1200,23929.646105289292,0.050147001536088656,0.68,64.22288518702172,109.33904554164558,208.14901588798602,291.8825429911667
3,0.95,64,fcfs,1200,63792.38961410474,0.01881102130299686,0.6141666666666666,23.737240737272526,38.3547274340142,47.25321739750507,70.91749173691642
3,0.95,64,row-first,1200,63792.38961410474,0.01881102130299686,0.6141666666666666,23.737240737272526,38.3547274340142,47.25321739750507,70.91749173691642
3,0.95,64,age-64,1200,63792.38961410474,0.01881102130299686,0.6141666666666666,23.737240737272526,38.3547274340142,47.25321739750507,70.91749173691642
3,0.95,64,age-256,1200,63792.38961410474,0.01881102130299686,0.6141666666666666,23.737240737272526,38.3547274340142,47.25321739750507,70.91749173691642
4,0.5,8,fcfs,1200,38471.99999999999,0.03119151590767312,0.16416666666666666,15378.308514510942,15283.42250827022,28617.44006048065,29930.07730501444
4,0.5,8,row-first,1200,16152.0,0.07429420505200594,0.9391666666666667,4096.148514510943,4467.34250827022,9610.467056453843,9940.253441821478
4,0.5,8,age-64,1200,38423.99999999999,0.031230480949406628,0.16583333333333333,15330.408514510942,15235.84250827022,28569.44006048065,29882.07730501444
4,0.5,8,age-256,1200,38255.99999999999,0.03136762860727729,0.17166666666666666,15163.328514510942,15071.562508270219,28401.44006048065,29714.07730501444
4,0.5,24,fcfs,1200,38481.132681153074,0.031184113262542418,0.16416666666666666,7334.555392983017,7291.760205963735,13621.452862595044,14079.364596196407
4,0.5,24,row-first,1200,24753.13268115307,0.048478712389954375,0.6408333333333334,482.1753929830159,658.6402059637346,965.301611816356,1040.286079101299
4,0.5,24,age-64,1200,38481.132681153074,0.031184113262542418,0.16416666666666666,7334.555392983017,7291.760205963735,13621.452862595044,14079.364596196407
4,0.5,24,age-256,1200,38241.132681153074,0.03137982365756162,0.1725,7098.2553929830165,7056.860205963735,13381.452862595044,13839.364596196407
4,0.5,64,fcfs,1200,64771.99595978407,0.018526524962192942,0.16416666666666666,36.489684388668124,43.03854227275393,62.95063035696194,71.7396469844316
4,0.5,64,row-first,1200,64771.99595978407,0.018526524962192942,0.16416666666666666,36.489684388668124,43.03854227275393,62.95063035696194,71.7396469844316
4,0.5,64,age-64,1200,64771.99595978407,0.018526524962192942,0.16416666666666666,36.489684388668124,43.03854227275393,62.95063035696194,71.7396469844316
4,0.5,64,age-256,1200,64771.99595978407,0.018526524962192942,0.16416666666666666,36.489684388668124,43.03854227275393,62.95063035696194,71.7396469844316
4,0.95,8,fcfs,1200,25536.0,0.046992481203007516,0.6133333333333333,8807.434655348432,8854.673030951817,16624.39607564401,17410.10551822708
4,0.95,8,row-first,1200,15168.0,0.07911392405063292,0.9733333333333334,3221.3746553484316,8996.033030951818,12682.734991658534,13200.357745211548
4,0.95,8,age-64,1200,25536.0,0.046992481203007516,0.6133333333333333,8807.354655348432,8854.793030951818,16624.39607564401,17410.10551822708
4,0.95,8,age-256,1200,25464.0,0.0471253534401508,0.6158333333333333,8735.29465534843,8785.673030951817,16552.39607564401,17338.10551822708
4,0.95,24,fcfs,1200,25607.5057816459,0.04686126053167178,0.6133333333333333,744.8161562496364,746.2557797036446,1293.3209241654404,1360.1038059295533
4,0.95,24,row-first,1200,24413.68344531876,0.04915276314972029,0.6633333333333333,59.72773690594465,95.74839631120723,184.68153913468814,287.09400340876346
4,0.95,24,age-64,1200,25583.5057816459,0.04690522128757284,0.6141666666666666,721.6161562496363,723.8157797036446,1269.3209241654404,1336.1038059295533
4,0.95,24,age-256,1200,24413.68344531876,0.04915276314972029,0.6633333333333333,59.72773690594465,95.74839631120723,184.68153913468814,287.09400340876346
4,0.95,64,fcfs,1200,65043.15585418336,0.01844928931016529,0.6133333333333333,23.753976182921146,37.591092891766564,46.18677136432052,70.56074968624307
4,0.95,64,row-first,1200,65043.15585418336,0.01844928931016529,0.6133333333333333,23.753976182921146,37.591092891766564,46.18677136432052,70.56074968624307
4,0.95,64,age-64,1200,65043.15585418336,0.01844928931016529,0.6133333333333333,23.753976182921146,37.591092891766564,46.18677136432052,70.56074968624307
4,0.95,64,age-256,1200,65043.15585418336,0.01844928931016529,0.6133333333333333,23.753976182921146,37.591092891766564,46.18677136432052,70.56074968624307
5,0.5,8,fcfs,1200,37271.99999999999,0.03219575016097876,0.20583333333333334,14589.905826954966,14900.04166156146,28291.8650446128,29110.09197794066
5,0.5,8,row-first,1200,15768.0,0.076103500761035,0.9525,3941.685826954966,6292.56166156146,11509.647311886889,12232.144242458837
5,0.5,8,age-64,1200,37223.99999999999,0.03223726627981948,0.2075,14542.025826954965,14852.04166156146,28243.8650446128,29062.09197794066
5,0.5,8,age-256,1200,36983.99999999999,0.03244646333549644,0.21583333333333332,14302.865826954965,14618.521661561459,28003.8650446128,28822.09197794066
5,0.5,24,fcfs,1200,37272.0,0.03219575016097875,0.20583333333333334,6582.557480864903,6718.204984684382,12755.595133838422,13015.319241115005
5,0.5,24,row-first,1200,24816.0,0.048355899419729204,0.6383333333333333,473.47748086490185,637.6849846843818,954.4709901991955,1112.110859332608
5,0.5,24,age-64,1200,37248.0,0.03221649484536082,0.20666666666666667,6558.617480864902,6694.204984684382,12731.595133838422,12991.319241115005
5,0.5,24,age-256,1200,36816.0,0.03259452411994785,0.22166666666666668,6135.397480864902,6273.1849846843825,12299.595133838422,12559.319241115005
5,0.5,64,fcfs,1200,65380.211793774906,0.018354177312626212,0.20583333333333334,35.487309625995664,43.96471704812221,69.41730263607315,71.74577245596447
5,0.5,64,row-first,1200,65380.211793774906,0.018354177312626212,0.20583333333333334,35.452503550546446,44.02471704812221,69.41730263607315,71.74577245596447
5,0.5,64,age-64,1200,65380.211793774906,0.018354177312626212,0.20583333333333334,35.452503550546446,44.02471704812221,69.41730263607315,71.74577245596447
5,0.5,64,age-256,1200,65380.211793774906,0.018354177312626212,0.20583333333333334,35.452503550546446,44.02471704812221,69.41730263607315,71.74577245596447
5,0.95,8,fcfs,1200,25776.0,0.04655493482309125,0.605,8748.308777084512,9188.63738799048,17354.654382373243,17451.162008277253
5,0.95,8,row-first,1200,15120.0,0.07936507936507936,0.975,3258.408777084512,8870.15738799048,12696.34630730945,13471.191624929781
5,0.95,8,age-64,1200,25776.0,0.04655493482309125,0.605,8748.228777084512,9188.757387990481,17354.654382373243,17451.162008277253
5,0.95,8,age-256,1200,25656.0,0.04677268475210477,0.6091666666666666,8628.808777084512,9072.71738799048,17234.654382373243,17331.162008277253
5,0.95,24,fcfs,1200,25805.13074495895,0.046502380160752366,0.605,701.918541247328,722.7649468898253,1441.2652471509355,1490.8797609045032
5,0.95,24,row-first,1200,25153.02677219076,0.04770797609640851,0.6641666666666667,63.728735035689816,103.40937462630102,194.27950020787284,263.8769767096528
5,0.95,24,age-64,1200,25733.13074495895,0.04663249147152748,0.6075,634.038541247328,656.4049468898253,1369.2652471509355,1418.8797609045032
5,0.95,24,age-256,1200,25153.02677219076,0.04770797609640851,0.6641666666666667,63.728735035689816,103.40937462630102,194.27950020787284,263.8769767096528
5,0.95,64,fcfs,1200,67014.73805917533,0.017906508847954854,0.605,24.09412694515295,37.6264345522143,46.019775356347964,70.16827986557473
5,0.95,64,row-first,1200,67014.73805917533,0.017906508847954854,0.605,24.09412694515295,37.6264345522143,46.019775356347964,70.16827986557473
5,0.95,64,age-64,1200,67014.73805917533,0.017906508847954854,0.605,24.09412694515295,37.6264345522143,46.019775356347964,70.16827986557473
5,0.95,64,age-256,1200,67014.73805917533,0.017906508847954854,0.605,24.09412694515295,37.6264345522143,46.019775356347964,70.16827986557473
6,0.5,8,fcfs,1200,38064.0,0.031525851197982346,0.17833333333333334,15060.290645999445,15248.366533555214,29441.559168960543,29867.75008809455
6,0.5,8,row-first,1200,16248.0,0.07385524372230429,0.9358333333333333,4184.650645999444,4725.986533555212,9638.065173186968,10140.637844197932
6,0.5,8,age-64,1200,38064.0,0.031525851197982346,0.17833333333333334,15060.230645999445,15248.426533555214,29441.559168960543,29867.75008809455
6,0.5,8,age-256,1200,37944.0,0.031625553447185324,0.1825,14940.710645999445,15130.346533555214,29321.559168960543,29747.75008809455
6,0.5,24,fcfs,1200,38064.0,0.031525851197982346,0.17833333333333334,7084.791937998315,7160.779600665634,13629.433895290244,13943.457589292208
6,0.5,24,row-first,1200,24694.40558325475,0.048594002230761074,0.6475,492.9019431453564,662.239631547877,971.4086590000516,1249.459245243681
6,0.5,24,age-64,1200,38064.0,0.031525851197982346,0.17833333333333334,7084.791937998315,7160.779600665634,13629.433895290244,13943.457589292208
6,0.5,24,age-256,1200,37944.0,0.031625553447185324,0.1825,6966.911937998316,7043.479600665633,13509.433895290244,13823.457589292208
6,0.5,64,fcfs,1200,65791.74822201265,0.01823936941074478,0.17833333333333334,35.71013791309609,41.80251876804513,67.6178436785467,73.01804446282767
6,0.5,64,row-first,1200,65791.74822201265,0.01823936941074478,0.17833333333333334,35.71013791309609,41.80251876804513,67.6178436785467,73.01804446282767
6,0.5,64,age-64,1200,65791.74822201265,0.01823936941074478,0.17833333333333334,35.71013791309609,41.80251876804513,67.6178436785467,73.01804446282767
6,0.5,64,age-256,1200,65791.74822201265,0.01823936941074478,0.17833333333333334,35.71013791309609,41.80251876804513,67.6178436785467,73.01804446282767
6,0.95,8,fcfs,1200,25968.000000000004,0.046210720887245836,0.5983333333333334,8965.852881870971,9011.96045938622,17052.855909955062,17868.07197828307
6,0.95,8,row-first,1200,15144.0,0.07923930269413629,0.9741666666666666,3230.09288187097,8840.360459386218,12455.51449313445,12924.458972012028
6,0.95,8,age-64,1200,25968.000000000004,0.046210720887245836,0.5983333333333334,8965.73288187097,9012.140459386219,17052.855909955062,17868.07197828307
6,0.95,8,age-256,1200,25776.000000000004,0.04655493482309124,0.605,8776.79288187097,8826.44045938622,16860.855909955062,17676.07197828307
6,0.95,24,fcfs,1200,26023.430237022792,0.046112291464666104,0.5983333333333334,900.1278411889821,904.3312847808043,1821.6982506406384,1921.2969886654537
6,0.95,24,row-first,1200,24335.7840651508,0.04931010222589941,0.6641666666666667,66.8538116689995,109.58819356978286,201.92383136791614,307.184118994639
6,0.95,24,age-64,1200,25975.430237022792,0.04619750237243961,0.6,857.307841188982,864.8512847808042,1773.6982506406384,1873.2969886654537
6,0.95,24,age-256,1200,24335.7840651508,0.04931010222589941,0.6641666666666667,66.9338116689995,109.40819356978287,199.58498362252794,295.184118994639
6,0.95,64,fcfs,1200,64835.424173735446,0.01850840054326528,0.5983333333333334,24.323271881051006,38.08038233413168,46.450766853366076,68.98844260775513
6,0.95,64,row-first,1200,64835.424173735446,0.01850840054326528,0.5983333333333334,24.323271881051006,38.08038233413168,46.450766853366076,68.98844260775513
6,0.95,64,age-64,1200,64835.424173735446,0.01850840054326528,0.5983333333333334,24.323271881051006,38.08038233413168,46.450766853366076,68.98844260775513
6,0.95,64,age-256,1200,64835.424173735446,0.01850840054326528,0.5983333333333334,24.323271881051006,38.08038233413168,46.450766853366076,68.98844260775513
7,0.5,8,fcfs,1200,37992.0,0.03158559696778269,0.18083333333333335,15095.448673804745,15534.211701379289,29368.946425024464,29901.518518472643
7,0.5,8,row-first,1200,15960.0,0.07518796992481203,0.9458333333333333,4089.948673804746,4908.211701379289,9215.587156152793,10141.806435880722
7,0.5,8,age-64,1200,37920.0,0.03164556962025317,0.18333333333333332,15023.668673804747,15462.57170137929,29296.946425024464,29829.518518472643
7,0.5,8,age-256,1200,37752.0,0.03178639542275906,0.18916666666666668,14856.808673804746,15297.51170137929,29128.946425024464,29661.518518472643
7,0.5,24,fcfs,1200,37997.87556965091,0.031580712921709914,0.18083333333333335,7251.610638470569,7450.830673788779,13793.573630641204,14181.702460831671
7,0.5,24,row-first,1200,24413.87556965091,0.04915237634338277,0.6525,531.0906384705688,716.3706737887782,1058.427372652146,1165.7143037065907
7,0.5,24,age-64,1200,37925.87556965091,0.03164066701100147,0.18333333333333332,7180.01063847057,7379.550673788779,13721.573630641204,14109.702460831671
7,0.5,24,age-256,1200,37829.87556965091,0.03172096079963589,0.18666666666666668,7085.51063847057,7285.170673788779,13625.573630641204,14013.702460831671
7,0.5,64,fcfs,1200,65036.48180605662,0.018451182577472205,0.18083333333333335,36.31450241335753,44.16884605397523,69.76048437601276,71.9780725558303
7,0.5,64,row-first,1200,65036.48180605662,0.018451182577472205,0.18083333333333335,36.31450241335753,44.16884605397523,69.76048437601276,71.9780725558303
7,0.5,64,age-64,1200,65036.48180605662,0.018451182577472205,0.18083333333333335,36.31450241335753,44.16884605397523,69.76048437601276,71.9780725558303
7,0.5,64,age-256,1200,65036.48180605662,0.018451182577472205,0.18083333333333335,36.31450241335753,44.16884605397523,69.76048437601276,71.9780725558303
7,0.95,8,fcfs,1200,25920.0,0.046296296296296294,0.6,8973.096806846186,9017.469253031075,17002.41834249861,17941.71502579336
7,0.95,8,row-first,1200,15144.0,0.07923930269413629,0.9741666666666666,3339.7768068461864,9086.229253031075,12752.880518966569,13282.547587493016
7,0.95,8,age-64,1200,25920.0,0.046296296296296294,0.6,8973.096806846186,9017.469253031075,17002.41834249861,17941.71502579336
7,0.95,8,age-256,1200,25776.0,0.04655493482309125,0.605,8832.096806846186,8874.909253031075,16858.41834249861,17797.71502579336
7,0.95,24,fcfs,1200,25989.09873348054,0.046173205631563366,0.6,1134.7997746439785,1141.6703956152614,2068.3537609763735,2222.2438108606148
7,0.95,24,row-first,1200,23857.49005640328,0.050298669187873075,0.6766666666666666,70.64880656863662,120.32428872142891,210.26523463987905,288.59114780729124
7,0.95,24,age-64,1200,25941.09873348054,0.04625864202317829,0.6016666666666667,1088.9797746439785,1096.1303956152615,2020.3537609763735,2174.2438108606148
7,0.95,24,age-256,1200,23857.49005640328,0.050298669187873075,0.6766666666666666,70.64880656863662,120.32428872142891,210.26523463987905,288.59114780729124
7,0.95,64,fcfs,1200,63477.04580498899,0.01890447144762502,0.6,24.118374582963497,38.05192380779582,46.26509329073451,67.49778534294455
7,0.95,64,row-first,1200,63477.04580498899,0.01890447144762502,0.6,24.118374582963497,38.05192380779582,46.26509329073451,67.49778534294455
7,0.95,64,age-64,1200,63477.04580498899,0.01890447144762502,0.6,24.118374582963497,38.05192380779582,46.26509329073451,67.49778534294455
7,0.95,64,age-256,1200,63477.04580498899,0.01890447144762502,0.6,24.118374582963497,38.05192380779582,46.26509329073451,67.49778534294455
8,0.5,8,fcfs,1200,38160.0,0.031446540880503145,0.175,14997.171716859628,15312.809080432868,29591.93458010865,29855.54307725616
8,0.5,8,row-first,1200,16080.0,0.07462686567164178,0.9416666666666667,4081.0117168596285,4572.449080432868,9579.98700996569,9816.413552710279
8,0.5,8,age-64,1200,38136.0,0.03146633102580239,0.17583333333333334,14973.211716859629,15288.809080432868,29567.93458010865,29831.54307725616
8,0.5,8,age-256,1200,37896.0,0.031665611146295125,0.18416666666666667,14734.711716859629,15053.789080432867,29327.93458010865,29591.54307725616
8,0.5,24,fcfs,1200,38160.0,0.031446540880503145,0.175,6916.275150578895,7049.547241298601,13349.248483358697,13830.094759147956
8,0.5,24,row-first,1200,25055.17669632729,0.047894294043270585,0.6366666666666667,450.0834397194266,572.2369761417888,863.7074280339712,1025.3050988012064
8,0.5,24,age-64,1200,38160.0,0.031446540880503145,0.175,6916.275150578895,7049.547241298601,13349.248483358697,13830.094759147956
8,0.5,24,age-256,1200,37896.0,0.031665611146295125,0.18416666666666667,6656.715150578895,6791.367241298602,13085.248483358697,13566.094759147956
8,0.5,64,fcfs,1200,66753.80452353944,0.017976503490177,0.175,35.90581705357777,43.050247297459016,67.26994879014092,71.8237158325428
8,0.5,64,row-first,1200,66753.80452353944,0.017976503490177,0.17666666666666667,35.791958662600976,43.170247297459014,67.54913307378592,77.12936620391963
8,0.5,64,age-64,1200,66753.80452353944,0.017976503490177,0.17666666666666667,35.791958662600976,43.170247297459014,67.54913307378592,77.12936620391963
8,0.5,64,age-256,1200,66753.80452353944,0.017976503490177,0.17666666666666667,35.791958662600976,43.170247297459014,67.54913307378592,77.12936620391963
8,0.95,8,fcfs,1200,25872.0,0.04638218923933209,0.6016666666666667,8971.645989855284,8752.732263058384,16710.09148644917,17779.77164145826
8,0.95,8,row-first,1200,15192.0,0.07898894154818326,0.9725,3352.405989855284,9081.652263058384,12442.258205669948,12933.562889221334
8,0.95,8,age-64,1200,25872.0,0.04638218923933209,0.6016666666666667,8971.645989855284,8752.732263058384,16710.09148644917,17779.77164145826
8,0.95,8,age-256,1200,25800.0,0.046511627906976744,0.6041666666666666,8899.725989855284,8683.312263058384,16638.09148644917,17707.77164145826
8,0.95,24,fcfs,1200,25872.0,0.04638218923933209,0.6016666666666667,1054.4579695658451,1031.0767891751477,1886.7396721769728,2123.3149243747685
8,0.95,24,row-first,1200,23840.379847668548,0.05033476847548438,0.675,67.2893980392893,117.83498925721844,199.24291021037425,258.5791862493079
8,0.95,24,age-64,1200,25872.0,0.04638218923933209,0.6016666666666667,1054.1779695658452,1031.4967891751476,1886.7396721769728,2123.3149243747685
8,0.95,24,age-256,1200,23840.379847668548,0.05033476847548438,0.675,67.2893980392893,117.83498925721844,199.24291021037425,258.5791862493079
8,0.95,64,fcfs,1200,63418.867520509004,0.018921813758530654,0.6016666666666667,24.000265881873425,38.315883243964294,46.8050722863627,69.48675135443773
8,0.95,64,row-first,1200,63418.867520509004,0.018921813758530654,0.6016666666666667,24.000265881873425,38.315883243964294,46.8050722863627,69.48675135443773
8,0.95,64,age-64,1200,63418.867520509004,0.018921813758530654,0.6016666666666667,24.000265881873425,38.315883243964294,46.8050722863627,69.48675135443773
8,0.95,64,age-256,1200,63418.867520509004,0.018921813758530654,0.6016666666666667,24.000265881873425,38.315883243964294,46.8050722863627,69.48675135443773
9,0.5,8,fcfs,1200,37752.00000000001,0.03178639542275905,0.18916666666666668,14924.072158275154,14609.888593981204,28063.42953108652,29385.084359806413
9,0.5,8,row-first,1200,16080.0,0.07462686567164178,0.9416666666666667,4105.452158275153,4911.368593981204,9763.521989612087,10390.4963988284
9,0.5,8,age-64,1200,37728.00000000001,0.03180661577608142,0.19,14899.972158275154,14585.948593981206,28039.42953108652,29361.084359806413
9,0.5,8,age-256,1200,37608.00000000001,0.03190810465858327,0.19416666666666665,14780.912158275154,14469.008593981205,27919.42953108652,29241.084359806413
9,0.5,24,fcfs,1200,37752.0,0.03178639542275906,0.18916666666666668,7006.216474825471,6860.065781943613,13150.288593259556,13803.253079419232
9,0.5,24,row-first,1200,24456.0,0.04906771344455348,0.6508333333333334,545.1964748254713,755.7857819436135,1101.0299611828523,1237.4251626596379
9,0.5,24,age-64,1200,37752.0,0.03178639542275906,0.18916666666666668,7006.176474825471,6860.065781943613,13150.288593259556,13803.253079419232
9,0.5,24,age-256,1200,37536.0,0.0319693094629156,0.19666666666666666,6793.376474825471,6648.445781943613,12934.288593259556,13587.253079419232
9,0.5,64,fcfs,1200,63614.1483833681,0.01886372812488581,0.18916666666666668,35.73616370896555,43.49023489526495,68.0919412554208,71.989096966543
9,0.5,64,row-first,1200,63614.1483833681,0.01886372812488581,0.18916666666666668,35.69616370896555,43.55023489526495,68.9945959645047,73.02548360579385
9,0.5,64,age-64,1200,63614.1483833681,0.01886372812488581,0.18916666666666668,35.69616370896555,43.55023489526495,68.9945959645047,73.02548360579385
9,0.5,64,age-256,1200,63614.1483833681,0.01886372812488581,0.18916666666666668,35.69616370896555,43.55023489526495,68.9945959645047,73.02548360579385
9,0.95,8,fcfs,1200,25656.0,0.04677268475210477,0.6091666666666666,8907.63255503432,9336.009123296613,17328.559644243003,17551.489226352554
9,0.95,8,row-first,1200,15168.0,0.07911392405063292,0.9733333333333334,3353.992555034321,8875.089123296613,12659.806737001705,13239.605118803513
9,0.95,8,age-64,1200,25656.0,0.04677268475210477,0.6091666666666666,8907.59255503432,9336.069123296613,17328.559644243003,17551.489226352554
9,0.95,8,age-256,1200,25584.0,0.04690431519699812,0.6116666666666667,8835.43255503432,9267.189123296612,17256.559644243003,17479.489226352554
9,0.95,24,fcfs,1200,25670.34102971534,0.046746554656633126,0.6091666666666666,1043.271756834647,1074.4483996051763,1708.546926356179,1811.894759634033
9,0.95,24,row-first,1200,24407.766845072085,0.049164678096811604,0.6708333333333333,66.60269836080676,110.44833548876106,210.12564838394974,262.2508511942651
9,0.95,24,age-64,1200,25646.34102971534,0.04679030036329979,0.61,1019.471756834647,1052.0083996051762,1684.546926356179,1787.894759634033
9,0.95,24,age-256,1200,24407.766845072085,0.049164678096811604,0.6708333333333333,66.60269836080676,110.44833548876106,210.12564838394974,262.2508511942651
9,0.95,64,fcfs,1200,65027.37825352553,0.018453765663464076,0.6091666666666666,23.625695630273192,37.62688532439732,47.42019880879889,67.18617431980965
9,0.95,64,row-first,1200,65027.37825352553,0.018453765663464076,0.6091666666666666,23.625695630273192,37.62688532439732,47.42019880879889,67.18617431980965
9,0.95,64,age-64,1200,65027.37825352553,0.018453765663464076,0.6091666666666666,23.625695630273192,37.62688532439732,47.42019880879889,67.18617431980965
9,0.95,64,age-256,1200,65027.37825352553,0.018453765663464076,0.6091666666666666,23.625695630273192,37.62688532439732,47.42019880879889,67.18617431980965
