flow,width,pipe,seed,scenario,accepted,retired,dropped,cycles,latency_min,latency_max,latency_sum,source_stalls,sink_stalls,simultaneous,reset_pending,first_output,last_output,max_output_gap
rtl,1,1,7,0,512,512,0,513,1,1,512,0,0,511,0,3,514,1
rtl,1,1,7,1,512,512,0,847,1,5,670,134,158,405,0,29,848,8
rtl,1,1,7,2,512,511,1,861,1,9,675,148,174,405,1,31,862,22
rtl,1,1,31,0,512,512,0,513,1,1,512,0,0,511,0,3,514,1
rtl,1,1,31,1,512,512,0,845,1,5,670,134,158,405,0,27,846,8
rtl,1,1,31,2,512,511,1,859,1,10,676,152,175,405,1,31,860,24
rtl,1,1,101,0,512,512,0,513,1,1,512,0,0,511,0,3,514,1
rtl,1,1,101,1,512,512,0,848,1,5,678,141,166,410,0,26,849,9
rtl,1,1,101,2,512,511,1,873,1,8,686,157,185,406,1,31,874,22
generic-netlist,1,1,31,0,512,512,0,513,1,1,512,0,0,511,0,3,514,1
generic-netlist,1,1,31,1,512,512,0,845,1,5,670,134,158,405,0,27,846,8
generic-netlist,1,1,31,2,512,511,1,859,1,10,676,152,175,405,1,31,860,24
rtl,1,2,7,0,512,512,0,514,2,2,1024,0,0,510,0,4,515,1
rtl,1,2,7,1,512,512,0,840,2,7,1346,124,173,400,0,30,841,8
rtl,1,2,7,2,512,510,2,850,2,10,1346,134,186,401,1,31,851,22
rtl,1,2,31,0,512,512,0,514,2,2,1024,0,0,510,0,4,515,1
rtl,1,2,31,1,512,512,0,838,2,7,1346,124,173,400,0,28,839,8
rtl,1,2,31,2,512,510,2,845,2,10,1347,136,184,402,1,31,846,23
rtl,1,2,101,0,512,512,0,514,2,2,1024,0,0,510,0,4,515,1
rtl,1,2,101,1,512,512,0,835,2,8,1365,130,185,402,0,27,836,9
rtl,1,2,101,2,512,510,2,858,2,8,1367,142,199,396,1,31,859,22
generic-netlist,1,2,31,0,512,512,0,514,2,2,1024,0,0,510,0,4,515,1
generic-netlist,1,2,31,1,512,512,0,838,2,7,1346,124,173,400,0,28,839,8
generic-netlist,1,2,31,2,512,510,2,845,2,10,1347,136,184,402,1,31,846,23
rtl,8,1,7,0,512,512,0,513,1,1,512,0,0,511,0,3,514,1
rtl,8,1,7,1,512,512,0,847,1,5,670,134,158,405,0,29,848,8
rtl,8,1,7,2,512,511,1,861,1,9,675,148,174,405,1,31,862,22
rtl,8,1,31,0,512,512,0,513,1,1,512,0,0,511,0,3,514,1
rtl,8,1,31,1,512,512,0,845,1,5,670,134,158,405,0,27,846,8
rtl,8,1,31,2,512,511,1,859,1,10,676,152,175,405,1,31,860,24
rtl,8,1,101,0,512,512,0,513,1,1,512,0,0,511,0,3,514,1
rtl,8,1,101,1,512,512,0,848,1,5,678,141,166,410,0,26,849,9
rtl,8,1,101,2,512,511,1,873,1,8,686,157,185,406,1,31,874,22
generic-netlist,8,1,31,0,512,512,0,513,1,1,512,0,0,511,0,3,514,1
generic-netlist,8,1,31,1,512,512,0,845,1,5,670,134,158,405,0,27,846,8
generic-netlist,8,1,31,2,512,511,1,859,1,10,676,152,175,405,1,31,860,24
rtl,8,2,7,0,512,512,0,514,2,2,1024,0,0,510,0,4,515,1
rtl,8,2,7,1,512,512,0,840,2,7,1346,124,173,400,0,30,841,8
rtl,8,2,7,2,512,510,2,850,2,10,1346,134,186,401,1,31,851,22
rtl,8,2,31,0,512,512,0,514,2,2,1024,0,0,510,0,4,515,1
rtl,8,2,31,1,512,512,0,838,2,7,1346,124,173,400,0,28,839,8
rtl,8,2,31,2,512,510,2,845,2,10,1347,136,184,402,1,31,846,23
rtl,8,2,101,0,512,512,0,514,2,2,1024,0,0,510,0,4,515,1
rtl,8,2,101,1,512,512,0,835,2,8,1365,130,185,402,0,27,836,9
rtl,8,2,101,2,512,510,2,858,2,8,1367,142,199,396,1,31,859,22
generic-netlist,8,2,31,0,512,512,0,514,2,2,1024,0,0,510,0,4,515,1
generic-netlist,8,2,31,1,512,512,0,838,2,7,1346,124,173,400,0,28,839,8
generic-netlist,8,2,31,2,512,510,2,845,2,10,1347,136,184,402,1,31,846,23
rtl,16,1,7,0,512,512,0,513,1,1,512,0,0,511,0,3,514,1
rtl,16,1,7,1,512,512,0,847,1,5,670,134,158,405,0,29,848,8
rtl,16,1,7,2,512,511,1,861,1,9,675,148,174,405,1,31,862,22
rtl,16,1,31,0,512,512,0,513,1,1,512,0,0,511,0,3,514,1
rtl,16,1,31,1,512,512,0,845,1,5,670,134,158,405,0,27,846,8
rtl,16,1,31,2,512,511,1,859,1,10,676,152,175,405,1,31,860,24
rtl,16,1,101,0,512,512,0,513,1,1,512,0,0,511,0,3,514,1
rtl,16,1,101,1,512,512,0,848,1,5,678,141,166,410,0,26,849,9
rtl,16,1,101,2,512,511,1,873,1,8,686,157,185,406,1,31,874,22
generic-netlist,16,1,31,0,512,512,0,513,1,1,512,0,0,511,0,3,514,1
generic-netlist,16,1,31,1,512,512,0,845,1,5,670,134,158,405,0,27,846,8
generic-netlist,16,1,31,2,512,511,1,859,1,10,676,152,175,405,1,31,860,24
rtl,16,2,7,0,512,512,0,514,2,2,1024,0,0,510,0,4,515,1
rtl,16,2,7,1,512,512,0,840,2,7,1346,124,173,400,0,30,841,8
rtl,16,2,7,2,512,510,2,850,2,10,1346,134,186,401,1,31,851,22
rtl,16,2,31,0,512,512,0,514,2,2,1024,0,0,510,0,4,515,1
rtl,16,2,31,1,512,512,0,838,2,7,1346,124,173,400,0,28,839,8
rtl,16,2,31,2,512,510,2,845,2,10,1347,136,184,402,1,31,846,23
rtl,16,2,101,0,512,512,0,514,2,2,1024,0,0,510,0,4,515,1
rtl,16,2,101,1,512,512,0,835,2,8,1365,130,185,402,0,27,836,9
rtl,16,2,101,2,512,510,2,858,2,8,1367,142,199,396,1,31,859,22
generic-netlist,16,2,31,0,512,512,0,514,2,2,1024,0,0,510,0,4,515,1
generic-netlist,16,2,31,1,512,512,0,838,2,7,1346,124,173,400,0,28,839,8
generic-netlist,16,2,31,2,512,510,2,845,2,10,1347,136,184,402,1,31,846,23
rtl,32,1,7,0,512,512,0,513,1,1,512,0,0,511,0,3,514,1
rtl,32,1,7,1,512,512,0,847,1,5,670,134,158,405,0,29,848,8
rtl,32,1,7,2,512,511,1,861,1,9,675,148,174,405,1,31,862,22
rtl,32,1,31,0,512,512,0,513,1,1,512,0,0,511,0,3,514,1
rtl,32,1,31,1,512,512,0,845,1,5,670,134,158,405,0,27,846,8
rtl,32,1,31,2,512,511,1,859,1,10,676,152,175,405,1,31,860,24
rtl,32,1,101,0,512,512,0,513,1,1,512,0,0,511,0,3,514,1
rtl,32,1,101,1,512,512,0,848,1,5,678,141,166,410,0,26,849,9
rtl,32,1,101,2,512,511,1,873,1,8,686,157,185,406,1,31,874,22
generic-netlist,32,1,31,0,512,512,0,513,1,1,512,0,0,511,0,3,514,1
generic-netlist,32,1,31,1,512,512,0,845,1,5,670,134,158,405,0,27,846,8
generic-netlist,32,1,31,2,512,511,1,859,1,10,676,152,175,405,1,31,860,24
rtl,32,2,7,0,512,512,0,514,2,2,1024,0,0,510,0,4,515,1
rtl,32,2,7,1,512,512,0,840,2,7,1346,124,173,400,0,30,841,8
rtl,32,2,7,2,512,510,2,850,2,10,1346,134,186,401,1,31,851,22
rtl,32,2,31,0,512,512,0,514,2,2,1024,0,0,510,0,4,515,1
rtl,32,2,31,1,512,512,0,838,2,7,1346,124,173,400,0,28,839,8
rtl,32,2,31,2,512,510,2,845,2,10,1347,136,184,402,1,31,846,23
rtl,32,2,101,0,512,512,0,514,2,2,1024,0,0,510,0,4,515,1
rtl,32,2,101,1,512,512,0,835,2,8,1365,130,185,402,0,27,836,9
rtl,32,2,101,2,512,510,2,858,2,8,1367,142,199,396,1,31,859,22
generic-netlist,32,2,31,0,512,512,0,514,2,2,1024,0,0,510,0,4,515,1
generic-netlist,32,2,31,1,512,512,0,838,2,7,1346,124,173,400,0,28,839,8
generic-netlist,32,2,31,2,512,510,2,845,2,10,1347,136,184,402,1,31,846,23
